level,level_name,num,title,amp,dup_num,chars,has_urls,urls,body,line
1,Вскрытие 1-го уровня,1,Поддельные новости,0,0,98,0,,"-очевидный заговор про фейковые новости которых тысячи, нам ли об этом не знать.",41
1,Вскрытие 1-го уровня,2,Криптозоологические существа,0,0,1149,1,https://ru.wikipedia.org/wiki/%D0%9A%D1%80%D0%B8%D0%BF%D1%82%D0%BE%D0%B7%D0%BE%D0%BE%D0%BB%D0%BE%D0%B3%D0%B8%D1%8F,"Криптозоологические существа -https://ru.wikipedia.org/wiki/%D0%9A%D1%80%D0%B8%D0%BF%D1%82%D0%BE%D0%B7%D0%BE%D0%BE%D0%BB%D0%BE%D0%B3%D0%B8%D1%8F Криптозоология («изучение скрытых животных», от др.-греч — «тайный, скрытый» и зоология) — псевдонаука, предметом которой является целенаправленный поиск и доказательство реальности существ, о которых рассказывается в различного рода легендах, мифах или со слов некоторых «очевидцев» (чупакабра, снежный человек, драконы и т.п.); а также животных, существование которых считается невозможным в данной географической местности по причине того, что она находится на значительном расстоянии от их естественного ареала (как, например, фантомные кошки или, как их иначе называют, «ABC» (акроним от Alien Big Cats) — чужеродные большие кошки). Криптозоология исходит из того, что на Земле может существовать определённое количество видов животных, численность которых достаточна для самоподдержания популяций, но мала для обнаружения их зоологами с помощью существующих методов. Основой для криптозоологических исследований служит фольклор, а также сведения, почерпнутые от очевидцев.",43
1,Вскрытие 1-го уровня,3,Нибиру,0,0,433,0,,"Нибиру (также известная как Планета Икс или Планета Немезида) - гипотетическая планета, которая, согласно некоторым теориям заговора, должна была пролететь рядом с Землей и вызвать катастрофические последствия. Эта теория была впервые предложена писателем Зехарией Ситчином, который утверждал, что древние шумеры знали о существовании этой планеты и что она периодически пролетает рядом с Землей, вызывая глобальные катаклизмы.",47
1,Вскрытие 1-го уровня,4,Зона51,0,0,464,0,,"Зона 51 - секретная военная база США, расположенная в штате Невада. Эта база была создана в 1955 году для испытаний самолетов-шпионов U-2, а затем использовалась для испытаний других секретных самолетов, таких как SR-71 Blackbird и F-117 Nighthawk. Зона 51 стала предметом многих теорий заговора, которые утверждают, что на этой базе проводятся исследования инопланетных технологий и что правительство США скрывает от общества факт существования инопланетян.",49
1,Вскрытие 1-го уровня,5,Заговор фармацевтов,0,0,547,1,https://en.m.wikipedia.org/wiki/Big_Pharma_conspiracy_theory | https://ru.wikipedia.org/wiki/Вся_правда_о_лекарствах:_мировой_заговор_фармкомпаний,"https://en.m.wikipedia.org/wiki/Big_Pharma_conspiracy_theory Теория заговора фармацевтов, которая утверждает, что медицинские учреждения в целом и фармацевтические компании, особенно крупные, работают в зловещих целях и против общественного блага. Термин Big Pharma используется для общего обозначения мировой фармацевтической промышленности. По словам Стива Новеллы, этот термин стал означать демонизированную форму фармацевтической промышленности https://ru.wikipedia.org/wiki/Вся_правда_о_лекарствах:_мировой_заговор_фармкомпаний",51
1,Вскрытие 1-го уровня,5,Высадки на луну не было,0,1,78,0,,"Теория о том, что люди никогда не высаживались на луну.",57
1,Вскрытие 1-го уровня,6,Ютюб канал Падма МакКорд,0,0,1173,1,https://www.youtube.com/user/Padmamccord1/videos,"Медиа канал с крипотной девушкой. Я наткнулся на страницу Youtube женщины по имени Падма МакКорд. Страница загружает сотни видео с заголовками, которые появляются для поиска по ключевым словам. Например: «Обвал технологических акций DOTCOM BURSTS» или «Банкротство и закрытие социальных сетей правительствами из-за нарушения законов о защите авторских прав в области конфиденциальности». Видео - это просто компиляции из одних и тех же изображений каждый раз. Он прикреплен к странице Facebook и Twitter, которые ничего не делают, кроме публикации видео. У нее есть страница Google плюс, которая делает то же самое. Это предназначено для того, чтобы вызвать какую-то функцию мониторинга ключевых слов? Это попытка манипулировать акциями, торгуемыми на компьютере? Странная часть, у нее есть несколько блогов. Ничего существенного, просто ссылки на ее видео на Youtube и десятки ее фотографий в тех же трех позах. Ее Tumblr, а также ее веб-сайт PadmaMcCordEnterprises.biz . Эти, а также дюжина или около того блогов с ее именем делают это скорее попыткой создать интернет-след для того, кто не существует. https://www.youtube.com/user/Padmamccord1/videos",59
1,Вскрытие 1-го уровня,7,Атлантида,0,0,50,1,https://ru.m.wikipedia.org/wiki/Атлантида,https://ru.m.wikipedia.org/wiki/Атлантида,65
1,Вскрытие 1-го уровня,8,Плоская земля,0,0,39,0,,Емнич-сотни тредов про это,67
1,Вскрытие 1-го уровня,9,Смерть Элизы Лэм (&),1,0,1698,0,,"Тело Элизы Лэм, также известной по её кантонскому имени, как Лэм Хо Йи ( 30 апреля 1991[1] — февраль 2013), было обнаружено в цистерне с водой на крыше отеля Cecil Hotel в Даунтауне Лос-Анджелеса 19 февраля 2013. В начале месяца её объявили пропавшей. Работники отеля обнаружили её тело после жалоб посетителей на водоснабжение. За пять дней до обнаружения её тела пропажа девушки вызвала большой интерес, после того как департамент полиции Лос-Анджелеса опубликовал видеозапись с камеры наблюдения в лифте, на котором Элиза ведёт себя странно. На видео видно, как Лэм то выходит, то заходит в лифт, с кем-то говорит в коридоре и странно жестикулирует, иногда она как будто пытается от кого-то спрятаться в кабине лифта, который сам как будто бы сломан, так как дверь после нажатия на кнопки панели управления не закрывается. Видео стало популярным в интернете и набрало много просмотров в YouTube Есть версия, что виной её смерти было биполярное расстройство, которым она страдала. Также была версия о редактировании видео до его появления в сети, чтобы что-то скрыть. Обстоятельства смерти Элизы также вызывают вопросы, её тело было обнажённым, а её личные вещи и одежда плавали рядом с ней в воде. Судмедэкспертиза Лос-Анджелеса заявила, что Элиза не подвергалась физическому насилию и умерла случайно[ Посетители отеля Cecil Hotel, который произвёл ребрендинг и переименовался в Stay on Main, подали из-за произошедшего инцидента в суд, а родители Лэм позже подали отдельный иск. Некоторые пользователи интернета заметили схожесть смерти Элизы и смерти героя в хоррор-фильме 2005 года Тёмная вода Ютуб видео - Elisa Lam Elevator Surveillance Video - Hotel Cecil *Сохранить видео",69
1,Вскрытие 1-го уровня,8,Нострадамус,0,1,91,0,,"Предсказания Нострадамуса-как по мне мало сопадений, много туманных формулировок",75
1,Вскрытие 1-го уровня,9,Бильдербергский клуб,0,1,431,1,https://ru.wikipedia.org/wiki/%D0%91%D0%B8%D0%BB%D1%8C%D0%B4%D0%B5%D1%80%D0%B1%D0%B5%D1%80%D0%B3%D1%81%D0%BA%D0%B8%D0%B9_%D0%BA%D0%BB%D1%83%D0%B1,"Бильдербергский клуб или бильдербергская конференция — неофициальная ежегодная конференция, состоящая примерно из 130 участников, большая часть которых являются влиятельными людьми в области политики, бизнеса и банковского дела, а также главами ведущих западных СМИ-https://ru.wikipedia.org/wiki/%D0%91%D0%B8%D0%BB%D1%8C%D0%B4%D0%B5%D1%80%D0%B1%D0%B5%D1%80%D0%B3%D1%81%D0%BA%D0%B8%D0%B9_%D0%BA%D0%BB%D1%83%D0%B1",77
1,Вскрытие 1-го уровня,10,Вирус Эпштейна — Барр,0,0,355,0,,"Вирус Эпштейна — Барр (ВЭБ) - вирус из семейства герпесвирусов, который вызывает инфекционный мононуклеоз. Этот вирус был открыт в 1964 году американскими учеными Майклом Энтони Эпштейном и Йвонной Барр. Существует теория заговора, согласно которой вирус Эпштейна — Барр был создан в лаборатории и используется для контроля населения.",80
1,Вскрытие 1-го уровня,11,Отрицание глобального потепления,0,0,372,0,,"Отрицание глобального потепления - это позиция, согласно которой глобальное потепление не является реальной проблемой и что люди не несут ответственности за изменение климата. Эта позиция часто выдвигается консервативными политиками и бизнесменами, которые считают, что меры по борьбе с глобальным потеплением могут нанести ущерб экономике.",82
1,Вскрытие 1-го уровня,12,Трансгуманизм,0,0,507,0,,"Трансгуманизм - это философское и культурное движение, которое поддерживает использование науки и технологий для улучшения физических и психических способностей человека. Цель трансгуманизма - преодоление фундаментальных ограничений человеческого состояния, включая старение, болезни, инвалидность и когнитивные ограничения. Некоторые сторонники трансгуманизма выступают за использование таких технологий, как генная инженерия, киборгизация и искусственный интеллект, для достижения этих целей.",84
1,Вскрытие 1-го уровня,13,Исчезновение Тары Калико (&),1,0,2146,1,https://ru.wikipedia.org/wiki/%D0%98%D1%81%D1%87%D0%B5%D0%B7%D0%BD%D0%BE%D0%B2%D0%B5%D0%BD%D0%B8%D0%B5_%D0%A2%D0%B0%D1%80%D1%8B_%D0%9A%D0%B0%D0%BB%D0%B8%D0%BA%D0%BE,"Тара Калико родилась 28 февраля 1969 года, и на момент своего исчезновения была второкурсницей в университете Нью-Мексико. Она получала хорошие оценки в университете, и по окончании учебы планировала работать психологом или психиатром. Знакомые отзывались о ней как об ответственной, энергичной девушке, которая занималась бегом и велосипедным спортом, а также любила составлять расписания и планировать свой день. 20 сентября 1988 года в 9:30 утра Тара сказала своей матери, Патти Доэл, что она планирует проехать 36 миль на велосипеде по своему обычному маршруту вокруг окрестностей города, и обещала вернуться к полудню. У её велосипеда оказалось спущено колесо, поэтому она решила взять велосипед матери. С собой она взяла только плеер Sony Walkman с кассетой группы Boston. В 12:05 Тары все ещё не было дома, что было необычно для неё, всегда строго следовавшей расписанию. Поэтому мать отправилась на поиски, но не смогла найти её нигде в окрестностях города, после чего обратилась в полицию. Как выяснилось, Тару в последний раз видели в 11:45 на дороге #47, примерно в двух милях от её дома. За ней следовал грязно-белый пикап Ford модели 1953 года с белым самодельным верхом кузова. До сих пор неизвестно, связан ли этот пикап с её исчезновением, так как сам момент похищения или аварии не видел никто. Согласно свидетелям, Тара не обращала никакого внимания на пикап (возможно, она не слышала его приближения, так как слушала музыку в наушниках[1]). На следующий день в двух милях от дома Тары на обочине дороги была найдена кассета, которую она брала с собой (причем все выглядело так, как будто она выронила кассету, направляясь от своего дома). Вблизи от этого места были замечены следы велосипедных шин. Позже куски плеера Walkman были найдены в 19 милях к востоку от дороги #47. По мнению матери Тары, таким образом она пыталась обозначить направление, в котором её увезли похитители. Велосипед, на котором уехала Тара, так и не был найден.-https://ru.wikipedia.org/wiki/%D0%98%D1%81%D1%87%D0%B5%D0%B7%D0%BD%D0%BE%D0%B2%D0%B5%D0%BD%D0%B8%D0%B5_%D0%A2%D0%B0%D1%80%D1%8B_%D0%9A%D0%B0%D0%BB%D0%B8%D0%BA%D0%BE",86
1,Вскрытие 1-го уровня,14,Химиотрассы (&),1,0,1173,0,,"По мнению конспирологов (официальные признания о распылении климат-корректирующих веществ уже были), в то время как конденсационные следы исчезают в течение нескольких минут, химиотрассы расширяются, пока не превратятся в перистые облака. Иногда бывает, что самолёты устраивают на небе целую «решётку» — как правило, в ясный день. После пролёта самолётов на земле якобы обнаруживают соли бария и алюминия, полимерные волокна, торий, карбид кремния или различные вещества органического происхождения, а у попавших под химиотрассу якобы ухудшается самочувствие. Сторонники данной «теории заговора» выдвигают следующие версии предназначения химиотрасс: контроль численности населения Земли, создание условий для работы радаров, дальняя радиосвязь, испытание биологического оружия. Некоторые конспирологи связывают химиотрассы с болезнью Моргеллонов или HAARP. Предполагается, что распылители спрятаны в туалетах самолётов и заряжаются из ассенизационных машин — посторонние не будут лезть в грязь[3]. Иногда утверждают, что для распыления используются и специальные самолеты, замаскированные под пассажирские Безумный Гассер из Маттуна *Связанное-болезнь Маргеллона",90
1,Вскрытие 1-го уровня,15,Вакцины вредны (&),1,0,21,0,,???,96
1,Вскрытие 1-го уровня,16,Стоунхендж построен недавно (&),1,0,140,0,,Стоунхендж стоит на военной базе и есть фотографии его постройки(якобы рестоврации)-это даже не теория а факт,98
1,Вскрытие 1-го уровня,17,Медиа контроль,0,0,365,0,,"Медиа контроль - это концепция, согласно которой средства массовой информации контролируются небольшой группой людей, которые используют их для продвижения своих интересов. Эта теория заговора утверждает, что крупные корпорации и правительства контролируют средства массовой информации и что они используют их для манипулирования общественным мнением.",100
1,Вскрытие 1-го уровня,18,1-70 убийца (&),1,0,904,1,https://en.wikipedia.org/wiki/I-70_Killer,"I-70 убийца неопознанный американский серийный убийца , который , как известно, погибли шесть магазинов клерков в Среднем Западе весной 1992 года Его прозвище происходит от того факта , что некоторые из магазинов , в которых его жертвы работали находились в нескольких милях от Межгосударственного 70 (I-70). Его жертвами обычно были молодые, миниатюрные, брюнетки. Одной из жертв был мужчина, но считается, что убийца принял его за женщину, так как часто носил хвост. Все атакованные магазины были специализированными, и их обычно обворовывали всего на несколько сотен долларов. Он также подозревается в расстреле еще трех сотрудников магазина в Техасе в 1993 и 1994 годах, один из которых выжил. Несмотря на то, что дело раскрыто в « Нераскрытых тайнах» и « Темных умах» , убийца еще не установлен, а следователи публично не опознали подозреваемых. https://en.wikipedia.org/wiki/I-70_Killer",102
1,Вскрытие 1-го уровня,18,Разум над материей,0,1,120,0,,"Теория о том что достаточно развив человеческий разум-можно влиять на физический мир, скорее концепция",107
1,Вскрытие 1-го уровня,19,Новый мировой порядок (&),1,0,324,1,https://ru.wikipedia.org/wiki/Новый_мировой_порядок_(конспирология,"В общем смысле конспирологи понимают «Новый мировой порядок» как теневое правительство, состоящее из мировой элиты, стремящейся к проведению глобализации, чтобы в конечном итоге управлять всем миром через авторитарное правительство. https://ru.wikipedia.org/wiki/Новый_мировой_порядок_(конспирология)",109
2,Глубокий исследователь,1,Осознанные сновидения (&),1,0,124,0,,"Десятки тредов на двачах и исследовательских работ, реальный со всех сторон задокументированный фак",119
2,Глубокий исследователь,2,Проект «МК Ультра» (&),1,0,258,0,,"Проект ""МК Ультра"" - это секретная программа ЦРУ по изучению возможности контроля над сознанием человека с помощью психотропных веществ, гипноза и других методов. Проект проводился в 1950-1970-х годах и был прекращен после разоблачения.",121
2,Глубокий исследователь,3,Гипноз,0,0,232,0,,"Гипноз - это особое психическое состояние, при котором человек становится более восприимчивым к внешним влияниям и может подчиняться предложениям гипнотизера. Гипноз используется в медицине, психологии и развлекательных целях.",123
2,Глубокий исследователь,4,Фторид опасен (&),1,0,260,0,,"Фторид - это химическое соединение, которое часто добавляется в питьевую воду и зубную пасту для предотвращения кариеса. Однако некоторые люди считают, что фторид опасен для здоровья и может вызывать различные заболевания, от рака до деменции.",125
2,Глубокий исследователь,5,"Предсказание будущего через фильм ""Назад в будущее""",0,0,284,0,,"Фильм ""Назад в будущее"" был снят в 1985 году, но многие его сцены и детали предсказали будущие технологии и события. Некоторые люди считают, что это не просто совпадение, а результат некоего тайного знания или путешествия во времени.",127
2,Глубокий исследователь,6,Лозоходство (&),1,0,329,0,,"Лозоходство - это практика обнаружения скрытых объектов, таких как вода, металлы или энергетические линии, с помощью специальных приспособлений, таких как лоза, маятник или рамка. Некоторые люди считают, что лозоходство - это реальное явление, основанное на способности человека чувствовать излучения или вибрации.",129
2,Глубокий исследователь,7,Адмирал берд,0,0,139,1,https://ru.wikipedia.org/wiki/Highjump_(%D0%BE%D0%BF%D0%B5%D1%80%D0%B0%D1%86%D0%B8%D1%8F_%D0%92%D0%9C%D0%A1_%D0%A1%D0%A8%D0%90,https://ru.wikipedia.org/wiki/Highjump_(%D0%BE%D0%BF%D0%B5%D1%80%D0%B0%D1%86%D0%B8%D1%8F_%D0%92%D0%9C%D0%A1_%D0%A1%D0%A8%D0%90),132
2,Глубокий исследователь,8,Погодный контроль (HAARP),0,0,454,0,,"HAARP, как и установка «Сура» обвиняется в-способности модифицировать погоду, отключать спутники, контролировать разум людей и тому подобное, что он используется в качестве оружия против террористов. Обвиняли HAARP в землетрясениях, засухах, ураганах, наводнениях, болезнях (синдроме войны в Персидском заливе и синдроме хронической усталости), крушении рейса 800 TWA в 1996 г., уничтожении космического шаттла Columbia в 2003 г.",135
2,Глубокий исследователь,9,Масоны,0,0,47,0,,А че-Массоны? С Массонами все и так ясно.,139
2,Глубокий исследователь,10,Агарта - подземная цивилизация,0,0,1124,1,http://perevalnext.ru/agarta-podzemnaya-tsivilizatsiya/#ixzz5pycczQLx,"Агарта - подземная цивилизация На всех континентах Земли есть легенды о существовании подземных городов, подземной цивилизации. Тот мир закрыт для нас с обеих сторон, но все же иногда пересекается с нашим. На Востоке подземное царство называется Агарта. Существуют буддисткие писания и много легенд, которые перекликаются с русскими преданиями о подземной чуди или о невидимом граде Китеже. Царство Агарта тянется под землей по всему Земному шару в том числе под океанами, оно существует более n-е количество миллионов лет, и оно основано на законах Золотого века. Там нет ни катаклизмов, ни болезней, ни войн... Там много цветущих городов, а столица - Шамбала. Техническое совершенство подземных жителей превосходит земное воображение. Там нет насилия и полное изобилие. Короче, построен коммунизм. Агарта Миллионами подданных правит Царь Мира. Вроде бы сам Будда Шакьямуни там побывал, встретился с царем Брахатмой, получил какие-то знания - совсем крохи - для передачи людям. Буддисты свято верят в эту подземную цивилизацию. http://perevalnext.ru/agarta-podzemnaya-tsivilizatsiya/#ixzz5pycczQLx",142
2,Глубокий исследователь,11,Суккубы (&),1,0,78,0,,"Инкубы и Суккубы – сущности, паразитирующие на сексуальной энергии.",149
2,Глубокий исследователь,12,Подвальная лента,0,0,19,0,,???,152
2,Глубокий исследователь,13,Пси излучение,0,0,62,0,,Миллионы их-от 5G и микроволн до Резонанса Шумана,155
2,Глубокий исследователь,14,Иглоукалывание,0,0,385,0,,"Акупунктура-альтернативная медицина и ключевой компонент традиционной китайской медицины (ТКМ), в котором тонкие иглы вводятся под кожу. Акупунктурные точки, в которые вводятся иглы, находятся на так называемых меридианах, по которым движется «жизненная энергия» ци, и манипуляции с иглами воздействуют на циркуляцию ци и тем самым помогают снимать боли и лечить болезни.",158
2,Глубокий исследователь,15,Инцидент Вела,0,0,16,0,,???,161
2,Глубокий исследователь,16,Крипипаста,0,0,13,0,,???,164
2,Глубокий исследователь,17,Трамп заговор,0,0,16,0,,???,167
2,Глубокий исследователь,18,Проект «Синий луч» (&),1,0,22,0,,,170
2,Глубокий исследователь,19,Оккультные знания Магика,0,0,24,0,,,171
2,Глубокий исследователь,20,Куполовидная земля,0,0,18,0,,,172
2,Глубокий исследователь,21,Люди в черном (&),1,0,17,0,,,173
2,Глубокий исследователь,22,Мальчик в коробке (&),1,0,356,1,https://ru.wikipedia.org/wiki/Мальчик_в_коробке,"Мальчик в коробке (англ. Boy in the Box) — прозвище, данное неопознанной жертве убийства приблизительно 4-6 лет, чьё тело было найдено в картонной коробке в районе Фокс-Чейз в Филадельфии (Пенсильвания) 25 февраля 1957 года. Личность ребёнка, как и его убийца, не установлены по сей день. https://ru.wikipedia.org/wiki/Мальчик_в_коробке",175
2,Глубокий исследователь,23,Транссерфинг реальности (&),1,0,30,0,,???,179
2,Глубокий исследователь,24,Наблюдения клоуна,0,0,20,0,,???,182
2,Глубокий исследователь,25,Гадание,0,0,10,0,,???,184
2,Глубокий исследователь,26,Пантеизм / Панентеизм,0,0,24,0,,???,186
2,Глубокий исследователь,27,Повестка дня ООН,0,0,19,0,,???,188
2,Глубокий исследователь,28,Андроиды,0,0,8,0,,,190
2,Глубокий исследователь,29,Потерянные цивилизации,0,0,134,1,https://www.lostcivilization.info/,"https://www.lostcivilization.info/ - Тут похоже собрана вся информация об ""официальных"" потерянных цивилизациях.",191
2,Глубокий исследователь,30,Паранормальные существа,0,0,26,0,,???,193
2,Глубокий исследователь,31,Договорные матчи,0,0,19,0,,???,195
2,Глубокий исследователь,32,Снаффы,0,0,9,0,,???,197
2,Глубокий исследователь,33,Эксперименты на людях,0,0,24,0,,???,199
2,Глубокий исследователь,34,Хрустальные черепа,0,0,21,0,,???,201
2,Глубокий исследователь,35,6-е вымирание,0,0,16,0,,???,203
2,Глубокий исследователь,37,Псевдонаука,0,0,14,0,,???,205
2,Глубокий исследователь,38,Полярный сдвиг,0,0,17,0,,???,207
2,Глубокий исследователь,39,Перевал Дялтова,0,0,18,0,,???,209
2,Глубокий исследователь,40,Призыв Демонов,0,0,17,0,,???,211
2,Глубокий исследователь,41,Девушка призрак,0,0,18,0,,???,213
2,Глубокий исследователь,42,Проект «Доминик»,0,0,317,0,,"Общая легенда проекта ""Доминик"" вращается вокруг предполагаемого секретного проекта, связанного с контролем и манипуляцией разумом. Согласно этой легенде, проект был разработан правительственными агентствами для целей разведки, контроля над населением или даже создания сверхчеловеческих способностей.",215
2,Глубокий исследователь,43,Архидемоны и Архангелы,0,0,25,0,,???,217
2,Глубокий исследователь,44,Философский камень,0,0,21,0,,???,219
2,Глубокий исследователь,45,Мой красный не твой красный,0,0,333,0,,"Теория заговора ""Мой красный не твой красный"" утверждает, что некоторые люди или группы людей намеренно искажают цвета, чтобы манипулировать другими, или что существуют тайные общества, обладающие сверхчеловеческими способностями восприятия цвета или способные контролировать цвета, видимые другими людьми.",221
2,Глубокий исследователь,46,Отпечаток руки Фрэнсиса Леви,0,0,1684,1,http://ufonews.su/news47/164.htm,"Фрэнсис Леви в 1920-х годах был пожарником. Он любил свою работу, а коллеги любили его. Человек он был очень приятный, улыбчивый, всегда готовый прийти на помощь. 18 апреля 1924 года коллеги Фрэнсиса заметили изменения в его поведении. Фрэнсис был хмурым, угрюмым и мыл большое окно в Чикагском пожарном отделении, ни на кого не глядя и ни с кем не общаясь. Через несколько минут мужчина заявил, что его посетило ощущение, будто он умрёт в этот день. В тот самый момент поступил тревожный звонок, что в здании, находящемся довольно далеко от пожарного отделения, бушует пожар. Поэтому терять время на разговоры об ощущениях Фрэнсиса было нельзя. Спустя несколько минут мужчина и его коллеги оказались на месте, оценили ситуацию, и стали помогать тем, кто был на верхних этажах. После того, как они спасли всех с верхних этажей, пламя охватило нижнюю часть здания, и крыша обвалилась. Как только это произошло, стены обрушились, накрыв обломками большое количество людей, в том числе и Леви. Мрачное предчувствие мужчины сбылось. Он потерял свою жизнь в тот день, спасая других. Уже на следующий день, пытаясь смириться с потерей Леви, его коллеги находились в пожарной части, обдумывая события прошедшего дня. Вдруг они заметили что-то очень странное на одном из окон. Это было похоже на смазанный отпечаток руки. Страшно, но это было то самое окно, которое так старательно накануне мыл Леви. Пожарники помыли окно ещё раз, но отпечаток отказывался уходить. На протяжении многих лет отпечаток был на стекле, несмотря на бесчисленные попытки удалить его, в том числе и с помощью химических средств Аномальные новости со всего мира: http://ufonews.su/news47/164.htm",223
2,Глубокий исследователь,47,Богемская роща (&),1,0,931,1,https://ru.wikipedia.org/wiki/Богемская_роща,"Богемская роща (англ. Bohemian Grove) — место отдыха площадью 11 км?, расположенное по адресу 20601 Bohemian Avenue, в городе Монте-Рио, Калифорния. Она принадлежит частному мужскому клубу искусств, известному как Богемский клуб, который находится в Сан-Франциско. Ежегодно в июле, начиная с 1899 года, сюда приезжают самые влиятельные люди мира, чтобы провести двухнедельный летний марафон. В Богемском клубе много людей искусства, особенно музыкантов, а также высокопоставленных деловых лидеров, правительственных чиновников (включая американских президентов) и издателей СМИ. Исключительной особенностью клуба является то, что очередь в члены клуба — около 15 лет. Члены клуба могут пригласить в Богемскую рощу гостей которые, в свою очередь, будут тщательно проверены. Эти гости приезжают со всех концов Америки и других стран мира. https://ru.wikipedia.org/wiki/Богемская_роща *Запись сжигания ?человека? в роще",233
2,Глубокий исследователь,48,Черная книга,0,0,15,0,,???,239
2,Глубокий исследователь,49,Рыбный дождь (и подобные события),0,0,36,0,,???,241
2,Глубокий исследователь,50,Эффект бабочки,0,0,17,0,,???,243
2,Глубокий исследователь,60,Нингены - гуманоидные существа,0,0,1134,0,,"Нингены - гуманоидные существа В течение нескольких последних лет в Японии распространяются слухи о существовании в ледяных водах Антарктики гигантских гуманоидов, получивших название нингены. И хотя эти слухи порой относят к жанру легенд, сама по себе информация выглядит довольно-таки любопытной. Открытие китобоев История началась с того, что в Интернете на японском форуме 2channel было размещено несколько постов с информацией, которую некий блогер почерпнул у своего друга, работающего на правительственную программу исследования жизни китов. Программу эту, носящую название JARPA, развернули в 1987 году, когда Япония под нажимом Международной китобойной комиссии прекратила в антарктических водах коммерческий промысел китов. Противники JARPA утверждают, что ее истинная цель - добыча китового мяса для японских ресторанов и супермаркетов. Действительно, в рамках программы Страна восходящего солнца ежегодно убивает в Антарктике и северо-западной части Тихого океана свыше 800 китов. И вот, замаскированные под ученых китобои якобы повстречали в южных широтах огромных русалкоподобных китообразных.",245
2,Глубокий исследователь,70,Резня Паттерсона-Гимлина,0,0,27,0,,???,251
2,Глубокий исследователь,71,План планируемой смерти Эрнеста Хутона,0,0,41,0,,???,253
2,Глубокий исследователь,72,Нефтяной кальмар,0,0,448,0,,"Теория ""Нефтяного кальмара"" утверждает, что нефтяная промышленность является всемогущим и тайным картелем, который манипулирует мировой экономикой, политикой и конфликтами в своих интересах. Этот термин происходит от идеи, что нефтяные компании, как кальмары, распространяют свои щупальца во все области жизни, чтобы контролировать их.  *************************************************************************************************",255
3,Агент правды,1,богданофф,0,0,130,0,,"Отсылка на нашего наших Богдановых, Я так понял суть в том, что он потомок Эхнатона, или сам и есть Эхнатон сингулярность",268
3,Агент правды,2,Квантовое самоубийство и Дерево бессмертия,0,0,45,0,,???,271
3,Агент правды,3,Мереологический нигилизм,0,0,814,0,,"Мереологический нигилизм — философская позиция, согласно которой объекты, состоящие из частей, не существуют. Существуют только базовые объекты, которые не состоят из частей. Например, лес не существует в реальности как отдельный объект, это просто большое количество деревьев в ограниченном пространстве. Понятие же «лес» создано для облегчения мышления и общения. Мы не можем воспринимать вырубку отдельных (каждое из деревьев индивидуально) 173 тыс. деревьев из 346 тыс. находящихся рядом, а вырубку 50 % леса — можем. Примеры: не существует общество — это группа отдельных людей; не существует человек — это набор из органов, которые в свою очередь состоят из тканей и так далее; можно говорить о существовании электронов, поскольку у них нет составных частей (по крайней мере, неизвестны).",273
3,Агент правды,4,Каготы,0,0,1301,0,,"Каготы — это всеми презираемое племя на территории Западной Европы, которое обитало преимущественно во Франции и Испании. Каготов несправедливо притесняли веками, лишали их прав обычных граждан. Им было запрещено вступать в брак с обычными людьми, занимается ремеслами, даже браться за перила на лестницах. Этот народ всегда считали очень глупым и больным проказой, обвиняли в колдовстве и других темных вещах. Хотя на самом деле у них было только одно существенное отличие от «обычных» людей. Впервые о них упоминалось в конце XI столетия. Между учеными до сих пор ведутся ожесточенные споры относительного происхождения слова «кагот«. По некоторым мнениям оно произошло от бретонского слова kakouz («прокаженный»), по другим от cago («дерьмо») из окситанского языка, по третьим этот термин образовался от вестготсткого словосочетания canis gothus («готская собака»). Также не известно точно и как выглядели каготы. По некоторым источникам они являлись кареглазыми людьми с каштановыми волосами, в других же хрониках их описывали блондинами с голубыми глазами. Но во всех описаниях каготов есть одна общая черта — отмечание особого уродства круглоухости, которое заключается в отсутствии мочек ушей. Чтобы люди сразу признавали в них отщепенцев, каготы приделывали к одежде гусиную или утиную лапу.",280
3,Агент правды,5,Глубоководные лаборанты,0,0,275,0,,"deep sea lab techs Ничего конкретного нет. Все имеющиеся отсылки ведут к en. wikipedia.org/wiki/SEALAB. Некий аналог ""русского эксперимента со сном"" - идея в том, что у человека может поехать кукушка от долгого нахождения под водой в закрытом помещении.",287
3,Агент правды,6,Гитлер сбежал внутри Земли,0,0,29,0,,???,291
3,Агент правды,7,Onlin'e мониторинг видеоигр,0,0,723,0,,"Шпионы с надзорными агентствами в Соединенных Штатах и ??Великобритании, возможно, проводили время под прикрытием орков и кровавых эльфов, проникая в видеоигры, такие как «World of Warcraft», в охоте на террористов, «скрывающихся на виду» в Интернете. Это открытие последнего раунда документов, выпущенных руководителем Агентства национальной безопасности Эдвардом Сноуденом британской газете The Guardian. Согласно документам, агенты из ЦРУ, ФБР и Пентагона, а также из правительственного штаба правительственной связи Англии проникли в WoW и виртуальный мир «Second Life», а также собрали информацию в игровой сети Xbox Live. edition.cnn.com/2013/12/09/tech/web/nsa-spying-video-games/index.html",293
3,Агент правды,8,"Джон ""Babbacombe 'Ли",0,0,810,0,,"Джон Ли (c. 1864 – 19 March 1945) - был англичанином, известным тем, что пережил три попытки повесить его за убийство. Ли родился в Abbotskerswell, Девон, служил в Королевском флоте и был известным вором. В 1885 году он был осужден за жестокое убийство своего работодателя, Эммы Кейз, в ее доме в заливе Баббакомб около Торки 15 ноября 1884 года с ножом. Доказательства были слабыми и косвенными, составившими чуть больше, чем Ли, который был единственным мужчиной в доме во время убийства, его предыдущее досье и был найден с необъяснимым порезом на руке. Несмотря на это и его заявление о невиновности, он был приговорен к повешению. Время от времени его считали «человеком, которого нельзя повесить» из-за подозрения на божественное вмешательство. en.wikipedia.org/wiki/John_Babbacombe_Lee",296
3,Агент правды,9,Принудительное смешивание / гомосексуализм,0,0,45,0,,???,301
3,Агент правды,10,Василиск Роко,0,0,48,0,,ru.wikipedia.org/wiki/Василиск_Роко,303
3,Агент правды,11,Taured,0,0,3048,0,,"Человек из Тауреда: доказательство параллельной Вселенной или мистификация? Загадка Тауреда или «Человек без страны» ? мистический случай, который произошёл в японском аэропорту. Многие люди верят в правдивость этой истории. Главная тайна: что такое Тауред. Ни сегодня, ни в 50-е годы на карте мира не существовало такой страны. Исчезновение этого человека день спустя положило конец истории. Кроме того, с ним исчезли его документы ? паспорт и авторские права, поэтому загадка осталась неразрешённой.  Стоял жаркий июльский день 1954 года. В токийский международный аэропорт Ханеда прибыл путешественник с европейской внешностью. Его родным языком был французский, он также говорил по-японски и на других языках. Ничего экстраординарного. Далее очевидцы этой истории расходятся в показаниях. По одной версии, этот человек подал паспорт для штампа, и офицер японской таможни заметил нечто странное. Паспорт не выглядел поддельным, но страна, где его выдали, не существовала на карте мира. Работник таможни отвёл путешественника для выяснения обстоятельств. По другой версии, человек упомянул, что он из страны Тауред. Когда таможня не поверила, он показал им паспорт. Путешественник настаивал, что Тауред реален. По его словам, Тауред расположен между Францией и Испанией и существует уже 1000 лет. Мужчину просят пройти в специальное помещение для дополнительного досмотра, и просят показать на карте, где именно находится его страна. Когда ему подали карту, он указал на место, где находилась Андорра. Он удивился, почему его страна на карте значится как Андорра. Японские таможенники доказывали, что Тауред не существует, а путешественник стоял на своём. Компания, в которой этот человек, по его словам, трудится уже много лет, не имеет о нём никакого представления, хотя мужчина доказывает свою принадлежность к ней документально. Сотрудники отеля, в котором, по его словам, должен быть забронирован номер на его имя, тоже ничего о нём не слышали. В токийской компании, куда незнакомец направлялся «по делам своей компании», тоже только головами покачали. Таможня решила задержать человека. Они заподозрили, что он преступник. Они занялись расследованием инцидента, а его отвезли в соседний отель переночевать. Чтобы подозрительный турист не сбежал, у его номера поставили двух охранников. На следующее утро офицеры таможни зашли в его номер и обнаружили, что он бесследно исчез. Неясно, как он совершил побег. Он точно не мог сбежать через окно — его номер находился достаточно высоко над землёй, и там не было никакого балкона. Кроме того, все его личные документы, которые могли подтвердить достоверность истории, тоже загадочно исчезли. Никогда никто больше не видел этого человека.  Одно из распространённых объяснений ? человек из Тауреда случайно пришёл из параллельного измерения. Согласно этой теории, существует параллельная Земля, похожая на нашу. Но там Андорра называется Тауред. По другой гипотезе, это был путешественник из будущего, но эта теория кажется менее правдоподобной. Возможно, что это просто кем-то выдуманная городская легенда.",306
3,Агент правды,12,Иллюминатские банки крови,0,0,28,0,,???,325
3,Агент правды,13,Сакральная геометрия,0,0,62,0,,ru.wikipedia.org/wiki/Сакральная_геометрия,327
3,Агент правды,14,Предсказания «Черного Папы»,0,0,3204,1,www.irishexaminer.com/lifestyle/features/humaninterest/predictions-of-a-black-pope-and-our-demise-are-greatly-exaggerated-225911.html,"В день, когда кардинал Хорхе Бергольо стал папой, сайты социальных сетей, такие как Твиттер, наполнились напоминаниями и ссылками на пророчества и прогнозы о том, что это папство будет последним в Риме. «Разве верховный иезуит не известен как« черный папа », и Нострадамус / Малахия не предвидели, что последний папа будет« черным », - написал в эфире телекомпания RT? Джон Кридон, и, надо сказать, твердо положил язык на щеку , Джордж Хук стал лучше: «Большинство ученых согласятся, что предсказание о черном папе связано с тем, что он является главой иезуитов, а не цветом кожи». Глава ордена иезуитов известен как Черный Папа. Название, возможно, произошло от черного облачения, которое носят иезуиты, но другие источники предполагают, что это могло быть старое протестантское прозвище, которое ссылалось на предполагаемое рвение иезуитов. Каким бы ни было его происхождение, факт остается фактом: папа Франциск не является «черным папой», поскольку он не является главой ордена иезуитов. Те, кто предсказывает конец света, должны лучше следить за 76-летним Адольфо Николасом Пачоном из Испании, нынешним главнокомандующим ордена иезуитов. Но давайте на секунду поддержим папу Мобила. Относится ли «черный» в «Черном папе» к цвету кожи, прозвищам или цвету нижнего белья папы, не имеет значения из-за того факта, что ни Нострадамус, ни Малахия никогда не говорили ничего о черном папе. Непредсказуемость, по-видимому, проистекает из послания Генриху II Франции, в котором Нострадамус пишет: «Великая империя будет оторвана от конечности, всемогущей на протяжении более четырехсот лет: великая власть дана темной. из рабов выходи. «Темный» относится к цвету кожи? «Великая сила» даже относится к папству? Никто не знает, и по этой причине «пророчество» также интерпретировалось как относящееся к Мартину Лютеру Кингу и Бараку Обаме. В свою очередь, св. Малахия ничего не говорит о «темном» или «черном» папе, хотя он и делал пророчества о папах. Говорят, что у ирландского святого было видение во время визита в Рим в начале и середине 12 века. В своем видении он предвидел будущую историю папства. Пророчество Пап было предположительно записано, а затем скрыто, пока оно чудесным образом не появилось в 1590 году и не было опубликовано. Несколько странно, что информация, касающаяся пап, избранных до 1590 года, является удивительно точной, а информация, касающаяся избранных после 1590 года, является менее достоверной. Если считать их подлинными, некоторые интерпретации предполагают, что мы находимся на попечении Малахии 112 и, следовательно, на его последнем. «Пётр Римлянин будет пасти своих овец во многих несчастьях, и когда все это закончится, город семи холмов будет разрушен, и ужасный судья будет судить его народ. Конец."" Некоторые люди даже пытались связать нового папу с именем Петр. Ссылки были незначительными, если не несколько пафосными. То, что новый папа решил назвать себя в честь святого Франциска Ассизского, чьего отца звали Петр, вряд ли является причиной уйти в подполье с банками печеных бобов и вашим любимым телевизором. www.irishexaminer.com/lifestyle/features/humaninterest/predictions-of-a-black-pope-and-our-demise-are-greatly-exaggerated-225911.html",330
3,Агент правды,15,Оз Фактор,0,0,594,0,,"Фактор страны Оз-анализ рассказов людей, переживших похищения инопланетянами, постоянно обнаруживает разрыв во времени, после чего нормальная реальность остается где-то позади. По др. сторону этой границы обыкновенная физика пространства-времени уже не действует, контактант движется как бы погруженным в сон (или, скорее, кошмар) наяву до тех пор, пока не будет возвращен в нормальный мир. Британская исследовательница Дж.Рэндлс наз. такое явление ""Фактор Оз"". Опираясь на это наблюдение, можно сделать вывод о существовании некоего состояния физической активности (см. ""Фактор пси"").",343
3,Агент правды,16,Экстремальные континенты,0,0,27,0,,???,346
3,Агент правды,17,Сочинения бритвы,0,0,19,0,,???,348
3,Агент правды,18,Розенкрейцеры,0,0,49,0,,ru. wikipedia.org/wiki/Розенкрейцеры,350
3,Агент правды,19,Провалы в земле,0,0,1512,0,,"??? Отредачить *** Интересный вклад, как почти всегда, Маркильо, в «Внеземные истории» , на эту тему, которая все чаще продолжается и о которой еще никто не имеет четкого объяснения ... Что это такое и почему они производятся постоянно в разных частях света? Есть много теорий, которые пытаются оправдать эти дыры ... поскольку они делают это с помощью технологии Haarp или даже антивещества CERN ,  являются естественными , или как Marquillo позволяет нам видеть, что это могут быть существа, служащие другим с помощью передовых технологий, которые создают водосбросы, чтобы избежать чрезмерной концентрации энергии в определенных областях о котором мы теперь знаем благодаря Маркильо и его превосходной команде, которые связаны с PLACAS TECT?NICAS ... Мое личное мнение до этого поста состояло в том, что дыры были прояснениями особых областей на Земле из-за поступления такого количества энергии, исходящей от Солнца, от Алиона и из центра галактики ... и что это помогло адаптации Матери-Земли к происходящим изменениям ... и настолько совершенные могут быть сделаны с помощью какой-то технологии ... и кажется, что это не слишком ошибочно с тем, что предлагает Маркильо ... Давайте воспользуемся этой монографией «Скинхолс», чтобы все мы на форуме могли прояснить этот вопрос ... Заранее спасибо за ваше мнение и вклад ... Я не нашел ни одного видео-резюме с фотографиями провалов в колодцах, которые было бы неплохо добавить к посту ... чтобы посмотреть, может ли кто-нибудь внести свой вклад ... ***",353
3,Агент правды,20,Плерома,0,0,36,0,,ru.wikipedia.org/wiki/Плерома,365
3,Агент правды,21,"Обитаемая подводная лаборатория, установленная на дне океана",0,0,63,0,,???,368
3,Агент правды,22,Загадка Publius Enigma,0,0,749,0,,"Загадка Publius Enigma Во время тура некто, назвавшийся Publius, разместил в интернете сообщение, призывающее поклонников группы решить загадку, которая, возможно, скрыта в альбоме The Division Bell. Достоверность сообщения подтвердилась, когда во время концерта на стадионе Giants Stadium[en] в Нью-Джерси перед сценой белым светом были начертаны слова «Enigma Publius». В октябре 1994 года, на концерте в «Эрлс Корте», транслировавшемся по телевидению, слово «Enigma» проецировалось на сценические декорации. Позднее Ник Мэйсон признал, что Publius Enigma существовала и была задумкой звукозаписывающей компании, а не группы. По состоянию на 2012 год загадка остаётся нерешённой[5]. ru. wikipedia.org/wiki/The_Division_Bell#Тур",370
3,Агент правды,23,Русские эксперименты со сном (&),1,0,719,1,http://kripipasta.com/story/622-russkij-eksperiment-so-snom.html | https://creepypasta.fandom.com/wiki/The_Russian_Sleep_Experiment | https://tjournal.ru/internet/82398-chem-izvestna-internet-legenda-russkiy-eksperiment-so-snom-po-motivam-kotoroy-snimayut-film,"The Russian Sleep Experiment - примерно в 2009 году на сайте-сборнике интернет-легенд Creepypasta появился рассказ «Русский эксперимент со сном» (The Russian Sleep Experiment) неизвестного автора. Позже его заметили и перевели для русскоязычного аналога Creepypasta, хотя суммарно можно встретить больше пяти переводов этого рассказа на русский различного качества. Ссыль на статью из tjournal: https://tjournal.ru/internet/82398-chem-izvestna-internet-legenda-russkiy-eksperiment-so-snom-po-motivam-kotoroy-snimayut-film Паста на английском: https://creepypasta.fandom.com/wiki/The_Russian_Sleep_Experiment Паста на русском: http://kripipasta.com/story/622-russkij-eksperiment-so-snom.html",375
3,Агент правды,24,Эзотерические знания,0,0,23,0,,???,380
3,Агент правды,25,Denver airport,0,0,73,1,https://tjournal.ru/stories/61859-denver-airport-conspiracy,https://tjournal.ru/stories/61859-denver-airport-conspiracy,382
3,Агент правды,26,DMT существа,0,0,51,1,https://plyk.ru/publ/dmt-molekula-duha/,https://plyk.ru/publ/dmt-molekula-duha/,384
3,Агент правды,27,Пропавший детский лес (&),1,0,1440,1,https://mysteriousuniverse.org/2017/08/the-mysterious-forest-of-vanished-children/,"https://mysteriousuniverse.org/2017/08/the-mysterious-forest-of-vanished-children/ В этом мире есть места, в которых, кажется, таятся зловещие тайны и отражаются отголоски темной истории. Здесь неразгаданные тайны, исчезновения и смерти преследуют ландшафт и содержат уклончивые подсказки, которые продолжают озадачивать и сбивать с толку. Одним из таких мест является участок грубой дикой природы и скалистых гор недалеко от города Лос-Анджелес, штат Калифорния, в Соединенных Штатах, который был нулевой точкой для серии странных, пугающих исчезновений маленьких детей, которые остались нерешенными по сей день и продолжают возбуждать дискуссии и дебаты. На территории округа Лос-Анджелес, в Южной Калифорнии, раскинулись горы Сан-Габриэль и горы Сьерра-Пелона, а в этом обширном пространстве пустыни, недалеко от городских джунглей соседнего Лос-Анджелеса, находится Национальный лес Анджелеса. В общей сложности 700 176 акров (1,094.0 кв. Ми; 2,833.5 км2) в области, лес охватывает большие части охраняемых земель, которые остаются в удивительно нетронутом состоянии, учитывая его близость к такому густонаселенному мегаполису, как Лос-Анджелес. Это популярное место отдыха для людей со всего региона и хорошо известно своей суровой, нетронутой дикой природой. Национальный лес Анхелеса также известен зловещей цепочкой исчезновений, которые в течение многих лет скрывались за шпоном этого природного великолепия.",386
3,Агент правды,28,Солипсизм,0,0,41,0,,ru. wikipedia.org/wiki/Солипсизм,390
3,Агент правды,29,Thule,0,0,60,1,https://ru.wikipedia.org/wiki/Туле_(легендарный_остров,https://ru.wikipedia.org/wiki/Туле_(легендарный_остров),392
3,Агент правды,30,Порно конторль,0,0,125,0,,"Теория, что порно влияет на мозг и сознание. Конкретно не нашёл, гугл меня кормил ссылками по типу cum-control.",394
3,Агент правды,31,Временные автономные зоны,0,0,63,1,https://hakim-bey.gnostik.ru/taz00.htm,https://hakim-bey.gnostik.ru/taz00.htm,396
3,Агент правды,32,Генотеизм,0,0,49,1,https://ru.,https://ru. wikipedia.org/wiki/Генотеизм,398
3,Агент правды,33,Квантовый прыжок,0,0,62,1,https://ru.wikipedia.org/wiki/Квантовый_скачок,https://ru.wikipedia.org/wiki/Квантовый_скачок,400
3,Агент правды,34,Die Clocke - нацистское научно-техническое устройство,0,0,110,1,http://virtoo.ru/almanach/nepoznannoe/proekt-kolokol.html,http://virtoo.ru/almanach/nepoznannoe/proekt-kolokol.html,402
3,Агент правды,35,Фулканелли,0,0,51,0,,https:// ru.wikipedia.org/wiki/Фулканелли,404
3,Агент правды,36,Настоящая высота Арнольда,0,0,107,0,,The Ongoing Mystery of Arnold Schwarzenegger's Actual Height-ГОСПОДИ КАК ЖЕ Я ОРУ!,406
3,Агент правды,37,Закрытие природного парка Байкал,0,0,35,0,,???,408
3,Агент правды,38,Духовная наука,0,0,41,1,https://vikent.ru/enc/5395/,https://vikent.ru/enc/5395/,410
3,Агент правды,39,Долина кувшинов,0,0,61,0,,https:// ru.wikipedia.org/wiki/Долина_Кувшинов,412
3,Агент правды,40,Токсоплазма - паразит мозга,0,0,130,1,https://elementy.ru/novosti_nauki/430299/Toksoplazma_parazit_manipuliruyushchiy_chelovecheskoy_kulturoy,https://elementy.ru/novosti_nauki/430299/Toksoplazma_parazit_manipuliruyushchiy_chelovecheskoy_kulturoy,414
3,Агент правды,41,Билефельдский заговор,0,0,72,1,https://ru.wikipedia.org/wiki/Билефельдский_заговор,https://ru.wikipedia.org/wiki/Билефельдский_заговор,416
3,Агент правды,42,Равнина банок,0,0,590,1,https://classicrock961.com/texas-radio-bloggers-discover-bizarre-beacon-of-hate/,"The beacon of hate В мире радио есть нечто, называемое DX'in. По сути, это хобби включает в себя прослушивание различных радио-и телевизионных сигналов (обычно через короткие волны) и попытки найти и идентифицировать вещателя. Неизбежно, любой, кто участвует в этом хобби, обязательно раскроет некоторые действительно странные и интересные сигналы. Тем не менее, любитель в Форт-Уэрте получил немного больше, чем он рассчитывал. И он до сих пор не может понять, в чем именно заключается его находка. https://classicrock961.com/texas-radio-bloggers-discover-bizarre-beacon-of-hate/",418
3,Агент правды,43,Маяк ненависти,0,0,17,0,,???,423
3,Агент правды,44,Танцующая чума,0,0,72,0,,https:// ru.wikipedia.org/wiki/Танцевальная_чума_1518_года,425
3,Агент правды,45,Panspermia,0,0,50,1,https://ru.wikipedia.org/wiki/Панспермия,https://ru.wikipedia.org/wiki/Панспермия,427
3,Агент правды,46,Webdriver коды туловища,0,0,26,0,,???,429
3,Агент правды,47,Французская гадюка выпускает принцип,0,0,39,0,,???,431
3,Агент правды,48,Грея Гу (Может все таки Серая слизь?),0,0,40,0,,???,433
3,Агент правды,49,Mach's Principle,0,0,53,1,https://ru.wikipedia.org/Принцип_Маха,https://ru.wikipedia.org/Принцип_Маха,435
3,Агент правды,50,Дикие дети,0,0,54,1,https://ru.wikipedia.org/wiki/Одичавшие_дети,https://ru.wikipedia.org/wiki/Одичавшие_дети,437
3,Агент правды,51,Антинатализм (Антижизненная этика),0,0,76,1,https://ru.wikipedia.org/wiki/Антинатализм,https://ru.wikipedia.org/wiki/Антинатализм,439
3,Агент правды,52,Чарльз Форт,0,0,53,1,https://ru.wikipedia.org/wiki/Форт,"https://ru.wikipedia.org/wiki/Форт,_Чарльз",441
3,Агент правды,53,Дорога к Руте,0,0,915,1,http://www.roadtoroota.com/public/190.cfm | www.roadtoroota.com/public/120.cfm,"Именно в январе 2007 года я впервые обнаружил информацию, опубликованную Федеральным Резервным банком в Бостоне, которая изменила мое понимание рынков золота и серебра, финансовых рынков, энергетических рынков, денежной системы, а также истинной сущности моей страны, Соединенных Штатов Америки. Довольно интересно, что он пришел в виде детского комикса. Теория ""дороги к Руте"" постулирует, что в Соединенных Штатах и во всем мире есть группа людей, которые работают над удалением и уничтожением финансовых банковских держав, которые тайно контролировали все аспекты нашей жизни в течение сотен лет. Первоначальная идея этой группы возникла из ума Алана Гринспена и включала в себя оснащение рынков компьютерными программами, которые он изобрел в 1960-х годах. Оригинальные статьи можно найти здесь: Оригинальная дорога в Рооту //www.roadtoroota.com/public/120.cfm http://www.roadtoroota.com/public/190.cfm",443
3,Агент правды,55,Смертельный червь,0,0,70,1,https://ru.wikipedia.org/wiki/Олгой-хорхой_(животное,https://ru.wikipedia.org/wiki/Олгой-хорхой_(животное),450
3,Агент правды,56,Гейдар (психология),0,0,68,1,https://ru.wikipedia.org/wiki/Гейдар_(психология,https://ru.wikipedia.org/wiki/Гейдар_(психология),452
3,Агент правды,57,KKK финансируется правительствами,0,0,36,0,,???,454
3,Агент правды,58,Титаник не утонул (&),1,0,690,0,,"Титаник никогда не тонул Согласно книге Роберта Гардинера ""Титаник: Корабль, который никогда не тонул"", печальная голливудская история с Леонардо Ди Каприо в главной роли должна была называться не ""Титаник"", а ""Олимпик"". ""Олимпик"" - так назывался более старый брат-близнец Титаника, который попал в аварию за несколько месяцев до трагического события, которому потом стали посвящать книги и фильмы. Гардинер полагает, что компания-владелец корабля специально утопила уже побывавший в кораблекрушении Олимпик, чтобы получить страховку, выдавая его за Титаник. Олимпик внешне практически ничем не отличался от Титаника - Титаник просто был новее и чуть-чуть комфортабельнее.",456
3,Агент правды,59,Смитсоновский институт: скрытые археологические находки https://planetaseminarov.ru/article/smitsonovskiy-institut-priznal-unichtozhenie-tysyach-skeletov-gigantov.html,0,0,167,0,,,463
3,Агент правды,60,Pokaini  http://www.ancientpages.com/2018/08/13/is-mysterious-pokaini-forest-an-ancient-healing-center-and-anomalous-zone/,0,0,219,0,,*************************************************************************************************,464
4,Принятие секретов,1,Племя Дзопа (Дропа камни),0,0,25,0,,,471
4,Принятие секретов,2,Машина времени лорда Пакала,0,0,400,0,,"Lord Pakal's time machine ??? Эрих фон Даникен считает, что это свидетельствует о внеземном влиянии на древних майя. Король Пакал готовится к космическим путешествиям . Он сидит на стуле, наклоняясь вперед, его нога на педали, его руки управляют средствами управления, а его нос находится на дыхательном аппарате. Задняя часть отделена от него, и вы видите пламя, как выхлоп.",472
4,Принятие секретов,1,Monsanto,0,1,11,0,,???,477
4,Принятие секретов,2,Vimanas,0,1,10,0,,???,480
4,Принятие секретов,3,Северная Корея утопия L'Enfant,0,0,33,0,,???,482
4,Принятие секретов,4,Теория великого единого заговора,0,0,35,0,,???,484
4,Принятие секретов,5,Киберсквоттинг путешественники во времени,0,0,44,0,,???,486
4,Принятие секретов,6,Comic-Con вербовка детей,0,0,27,0,,???,488
4,Принятие секретов,7,Пластическая хирургия,0,0,24,0,,???,490
4,Принятие секретов,8,Побеги Lifetide,0,0,18,0,,???,492
4,Принятие секретов,9,Балтийская аномалия,0,0,707,1,https://en.wikipedia.org/wiki/Baltic_Sea_anomaly,"Аномалия балтийского моря относится к интерпретации нечеткого гидроакустического изображения , сделаной Петром Линдбергом, Деннис Asberg и их шведской дайвинг командой «Ocean X» во время поиск сокровища на дне северного Балтийского моря в центре Ботнического моря в июне 2011 года. Команда предположила, что на их сонарном изображении был показан объект с необычными чертами, казалось бы, неестественного происхождения, что вызвало предположение, опубликованное в бульварных газетах, о том, что этот объект был затонувшим НЛО . По общему мнению экспертов и ученых, изображение, скорее всего, показывает естественное геологическое образование https://en.wikipedia.org/wiki/Baltic_Sea_anomaly",494
4,Принятие секретов,10,Плановое вымирание (Ecotrlage),0,0,33,0,,???,499
4,Принятие секретов,11,Карта мира с привидениями,0,0,28,0,,???,501
4,Принятие секретов,12,Искусственный ядовитый снег,0,0,30,0,,???,503
4,Принятие секретов,13,Мировой контроль короля Вавилона,0,0,35,0,,???,505
4,Принятие секретов,14,Депопуляционные фонды,0,0,24,0,,???,507
4,Принятие секретов,15,SCP основаны на реальной жизни,0,0,33,0,,???,509
4,Принятие секретов,16,Холотропное дыхание,0,0,22,0,,???,511
4,Принятие секретов,17,Герменевтика,0,0,15,0,,???,513
4,Принятие секретов,18,Море людей,0,0,13,0,,???,515
4,Принятие секретов,19,Cryptogeography,0,0,18,0,,???,517
4,Принятие секретов,20,Инфракрасные шарики для белья,0,0,32,0,,???,519
4,Принятие секретов,21,NEG-Энтропия,0,0,15,0,,???,521
4,Принятие секретов,22,Нексус 7,0,0,11,0,,???,523
4,Принятие секретов,23,Проклятие Черной Надежды,0,0,2068,0,,"Проклятье черной надежды Полное расследование началось на земле. Там было несколько шкатулок с останками скелета.То что они исследовали, по-видимому, принадлежало женщине, поскольку на человеческих останках были обнаружены два обручальных кольца. Хейни считали, что будет лучше определить, кто был похоронен на их земле. Это когда они связались с человеком, который, как известно, похоронил несколько человек в прошлом, Джаспером Нортоном. Этот человек сообщил паре, что дом и несколько других были построены на кладбище, которое называлось «Черная надежда» и предназначалось для афроамериканцев - особенно тех, которые были рабами в жизни. Считается, что приблизительно шестьдесят или больше афроамериканцев были похоронены на Кладбище Черной Надежды. Считалось, что последнее захоронение произошло где-то в 1939 году. Люди, которые находились на территории Сэма и Джудит, считались Чарли Томасом и его женой, которую звали Бетти. Считается, что они были похоронены в 1930-х годах. Когда Хейни узнали об этом, они решили, что лучше всего провести надлежащее захоронение для пары и позволить им остаться в собственности. Мало ли они знали, что это станет началом проклятия Черной Надежды. Хейни вместе с несколькими своими соседями стали свидетелями многих необычных событий. Они будут слышать, как открываются и закрываются двери, что-то пропадает, слышны разговоры и шепот, и кажется, что комнатные растения никогда не будут расти надлежащим образом. Все соседи чувствовали высокий уровень беспокойства. Электроника будет включаться и выключаться, а также водопроводные краны. В конце концов, люди, живущие на территории, начнут чувствовать себя крайне больными. Один даже умер от сердечного приступа. Несколько человек сообщили о том, что наблюдали призрачные явления, и сообщили, что чувствуют себя испуганными. Сегодня новые люди живут по соседству, так как все старые люди были напуганы от проклятия Черной Надежды. По иронии судьбы, никаких сообщений не было сделано с тех пор. Сегодня это считается одной из величайших загадок всех времен.",525
4,Принятие секретов,24,Фалуньгун,0,0,12,0,,???,531
4,Принятие секретов,25,Геометродинамика,0,0,19,0,,???,533
4,Принятие секретов,26,TOR принадлежит правительству,0,0,32,0,,???,535
4,Принятие секретов,27,Пещерный обитатель Холокоста,0,0,31,0,,???,537
4,Принятие секретов,28,Трехсторонняя комиссия,0,0,25,0,,???,539
4,Принятие секретов,29,Интеллект дельфинов,0,0,22,0,,???,541
4,Принятие секретов,30,Мясные души,0,0,14,0,,???,543
4,Принятие секретов,31,Гималайские зомби,0,0,20,0,,???,545
4,Принятие секретов,32,Глубокие философии,0,0,21,0,,???,547
4,Принятие секретов,33,Наблюдения гражданской войны,0,0,31,0,,???,549
4,Принятие секретов,34,Культы MIRL,0,0,14,0,,???,551
4,Принятие секретов,35,Торонтский протокол,0,0,22,0,,???,553
4,Принятие секретов,36,Перестройка обмана,0,0,21,0,,???,555
4,Принятие секретов,37,Презентизм,0,0,13,0,,???,557
4,Принятие секретов,38,Bootes void,0,0,14,0,,???,559
4,Принятие секретов,39,Кубинские желтые воздушные шары,0,0,34,0,,???,561
4,Принятие секретов,40,Водитель убил JFK,0,0,20,0,,???,563
4,Принятие секретов,41,Fracking смертей,0,0,19,0,,???,565
4,Принятие секретов,42,Эзотерический Гитлеризм,0,0,1900,0,,"Мигель Серрано родился в Чили в 1917 году. После Второй Мировой войны совершил путешествие в Антарктиду (1947-48 гг.). Посол Чили в Индии (1953-62 гг.), Югославии (1962-64 гг.), Австрии (1964-70 гг.); представитель Чили в Международной Организации Атомной Энергии в Вене и в комиссии ООН по развитию промышленности. Автор более десятка книг, в том числе воспоминаний о К. Г. Юнге и Г. Гессе. Предлагаемое вниманию читателей интервью с автором изданий на русском языке книги «Воскрешение Героя» (М., «Русское Слово», 1994, серия «Пламенные реакционеры») было впервые опубликовано в испанском журнале EXCALIBUR 31 декабря 1988 года. Что вы искали в Антарктиде и Гималаях? Уже в 45 году я знал, что Гитлер не умер в Берлине, но отправился в Антарктиду, где в 38 году капитан Ritscher открыл оазис в районе Земли Королевы Мод. Но его уже не было там... Эзотеризм Гитлера относится к иной науке, известной ещё в неолите, к математике архетипических чисел, не признающей силы тяжести, способной объяснить полёты НЛО.  В Гималаях, Андах - в больших пещерах - я всегда искал одно и то же: вход во Внутреннюю Землю, который существует также и в Антарктиде, - в эти легендарные города Шамбалу, Асгард, Эльдорадо, Город Цезарей. Закон синхронии, соотносящийся с древнекитайской философией и учением Гермеса Трисмегиста, даёт нам понять: то, что внутри - то и снаружи. Невозможно понять эзотерический гитлеризм без проникновения в мир Архетипов и мифов, потому что Гитлер и Гесс были узниками Мифа, узниками Архетипа. Операция «Барбаросса» предполагает миф о Воскрешении, о пробуждении в конце времён во Внутренней Земле. Гитлеризм непобедим, потому что исполнились и продолжают исполняться архетипические знаки - вне человека-червяка, среди гигантов. И евреи сделают все необходимые ошибки для финального триумфа Гитлера. Это уже не политика. ++++++++++++++++++++++++++++++++++++++++++++++++++++",567
4,Принятие секретов,43,Красные комнаты,0,0,18,0,,???,577
4,Принятие секретов,44,Растительный интеллект,0,0,25,0,,???,579
4,Принятие секретов,45,В прошлый четверг,0,0,20,0,,???,581
4,Принятие секретов,46,Acosmlsm,0,0,11,0,,???,583
4,Принятие секретов,47,Спасательная шлюпка острова Буве,0,0,35,0,,???,585
4,Принятие секретов,48,Абиогенное масло,0,0,19,0,,???,587
4,Принятие секретов,49,Тайные общества сегодня,0,0,26,0,,???,589
4,Принятие секретов,50,Настоящий Мизлам,0,0,19,0,,???,591
4,Принятие секретов,51,Тюремные планеты,0,0,19,0,,???,593
4,Принятие секретов,52,Мальтийские катакомбы,0,0,24,0,,???,595
4,Принятие секретов,53,Амфибии в Ираке,0,0,18,0,,???,597
4,Принятие секретов,54,Призрачные кенгуру,0,0,21,0,,???,599
4,Принятие секретов,55,Патомский кратер,0,0,19,0,,???,601
4,Принятие секретов,56,Томас Пинчон,0,0,15,0,,???,603
4,Принятие секретов,57,Анимизм,0,0,245,1,https://ru.wikipedia.org/wiki/Анимизм,"https://ru.wikipedia.org/wiki/Анимизм Анимизм (от лат. anima, animus — «душа» и «дух» соответственно) — вера в существование души и духов, вера в одушевлённость всей природы. Анимистические представления присутствуют почти во всех религиях",605
4,Принятие секретов,58,Dighton Rock,0,0,15,0,,???,608
4,Принятие секретов,59,Бункеры на Марсе,0,0,19,0,,???,610
4,Принятие секретов,60,Triasslc загадка,0,0,19,0,,???,612
4,Принятие секретов,61,Монтанизм,0,0,12,0,,???,614
4,Принятие секретов,62,Сабинче томатная лента,0,0,25,0,,???,616
4,Принятие секретов,63,Марко Роден,0,0,14,0,,???,618
4,Принятие секретов,64,Операция Скрепка,0,0,19,0,,???,620
4,Принятие секретов,65,Отрицательный отзыв Планка,0,0,29,0,,???,622
4,Принятие секретов,66,Манихейство,0,0,1180,1,https://ru.wikipedia.org/wiki/Манихейство,"https://ru.wikipedia.org/wiki/Манихейство Манихейство или манихеизм — синкретическое религиозное учение, возникшее в III веке в государстве Сасанидов (на территории современного Ирака). Названо по имени своего основателя — Мани с добавлением эпитета «живой». Учение Мани было составлено в основном из христианско-гностических представлений, опиравшихся на специфическое понимание Библии, однако со временем впитало большое число заимствований из других религий — зороастризма и буддизма — по мере проповеди в странах их распространения. Также манихейство не было напрямую связано с западными и восточными учениями, которым была свойственна дуалистическая доктрина (катаризм, павликианство, зиндики), а определение «манихейский» использовалось христианским и мусульманским духовенством как инвектива. Для собственно манихейского учения было характерно представление о вселенском характере истинной религии, которое проходит через скрытую и явленную стадии. Именно это позволило манихейству встраиваться в самые разные культурные контексты — от античного до китайского[2]. Однако, по определению Е. Б. Смагиной, манихейство стало не мировой религией, а «мировой ересью»[3].",624
4,Принятие секретов,67,ВАЛИС,0,0,5,0,,,629
4,Принятие секретов,68,МБР приманка,0,0,12,0,,,631
4,Принятие секретов,69,Portoia,0,0,104,0,,*************************************************************************************************,633
5,АниМастер,1,Волшебство государства,0,0,22,0,,,644
5,АниМастер,2,Crank инцидент,0,0,14,0,,,646
5,АниМастер,3,Сикамор Нолл,0,0,12,0,,,648
5,АниМастер,4,Безреакционный драйв,0,0,20,0,,,650
5,АниМастер,5,Эннеаграмма,0,0,11,0,,,652
5,АниМастер,6,Кометная земля,0,0,14,0,,,654
5,АниМастер,7,Rockmen,0,0,7,0,,,656
5,АниМастер,8,Кап Два,0,0,7,0,,,658
5,АниМастер,9,Protodites,0,0,10,0,,,660
5,АниМастер,10,Кошачьи монахини,0,0,16,0,,,662
5,АниМастер,11,Макс Шпили,0,0,10,0,,,664
5,АниМастер,12,Акустические атаки,0,0,18,0,,,666
5,АниМастер,13,Кровопролитная магия,0,0,20,0,,,668
5,АниМастер,14,Google Earth черные зоны,0,0,24,0,,,670
5,АниМастер,15,Краудфандинговые убийства,0,0,25,0,,,672
5,АниМастер,16,Змеиное семя,0,0,12,0,,,674
5,АниМастер,17,Паноптикум,0,0,10,0,,,676
5,АниМастер,18,Деревня Инунаки,0,0,15,0,,,678
5,АниМастер,19,Выпуск праны,0,0,12,0,,,680
5,АниМастер,20,24 часовой год,0,0,14,0,,,682
5,АниМастер,21,Списки компаний убивают,0,0,23,0,,,684
5,АниМастер,22,Человек с Земли,0,0,15,0,,,686
5,АниМастер,23,Intcrdimenslonal Bigfoot,0,0,24,0,,,688
5,АниМастер,24,Органические черные вертолеты,0,0,29,0,,,690
5,АниМастер,25,Ламантины люди,0,0,14,0,,,692
5,АниМастер,26,Проект Джона Титора,0,0,19,0,,,694
5,АниМастер,27,Российские криминальные подземелья,0,0,34,0,,,696
5,АниМастер,28,Универсальное общение,0,0,21,0,,,698
5,АниМастер,29,Там нет лесов (горы деревья),0,0,28,0,,,700
5,АниМастер,30,Азиатские группы крови,0,0,22,0,,,702
5,АниМастер,31,Призрачный конденсат,0,0,20,0,,,704
5,АниМастер,32,Дыхание Мемфис рэп,0,0,18,0,,,706
5,АниМастер,33,Карта рельефа Урала (Карта Творца),0,0,34,0,,,708
5,АниМастер,34,"Биткойны, созданы банками (Сатоши Накамото)",0,0,43,0,,,710
5,АниМастер,35,Психотропная война,0,0,18,0,,,712
5,АниМастер,36,Новые хронологии и опровержения истории,0,0,39,0,,,714
5,АниМастер,37,TSUKI,0,0,381,1,https://systemspace.fandom.com/wiki/TSUKI_Project,"https://systemspace.fandom.com/wiki/TSUKI_Project systemspace.link Крипипаста/арг о том, что ""Жизнь"" - один из серверов глобального системспейса, который должны в скорости отключить. Суть проекта была в том, что сознание всех носителей разума, зарегестрировавшихся в системе до 28 августа 2017 года, будет забэкаплено и перенесется в другую систему после отключения нашего Мира.",716
5,АниМастер,38,Реальное население Китая,0,0,94,1,https://seva-riga.livejournal.com/851159.html,Реальное население Китая https://seva-riga.livejournal.com/851159.html,721
5,АниМастер,39,Теория психических проблем,0,0,26,0,,,724
5,АниМастер,40,Дорожные тролли,0,0,15,0,,,726
5,АниМастер,41,OoO,0,0,3,0,,,727
5,АниМастер,45,Аризона призрачное радио,0,0,24,0,,,729
5,АниМастер,46,Лодки-призраки Северной Кореи,0,0,29,0,,,731
5,АниМастер,47,Neodinosaurs,0,0,12,0,,,733
5,АниМастер,48,Охота на человека,0,0,17,0,,,735
5,АниМастер,49,Имплантация зубов при рождении,0,0,30,0,,,737
5,АниМастер,50,Stuxxnet исследования возрождения мочи натощак ЦУКИ,0,0,51,0,,,739
5,АниМастер,51,Акселерационизм,0,0,1116,1,https://ru.wikipedia.org/wiki/Акселерационизм,"Акселерационизм — в политической и социальной теории понимается как идея расширения, перенацеливания самой сложившейся системы капитализма или ускорения техно-социальных процессов, исторически характерных для капитализма как системы, в целях генерирования радикальных социальных перемен. Современные представители акселерационистских идей в качестве своей теоретической основы используют концепт «детерриториализации» французских философов-постструктуралистов Жиля Делеза и Феликса Гваттари в целях определения, углубления и радикализации сил процесса детерриториализации в социально-политическом контексте с целью преодоления противостоящих им ретерриториализирующих сил, которые, по мнению акселерационистов, сужают возможность достижения социальной трансформации. Акселерационизм также можно понимать, в более широком смысле, как позицию поддержки и стимуляции процессов углубления и расширения системы капитализма в надежде на то, что это также приведет и к ускорению самодеструктивных тенденций данной системы и, в конечном итоге, приведет к ее краху. https://ru.wikipedia.org/wiki/Акселерационизм",741
5,АниМастер,52,пуп,0,0,3,0,,,745
5,АниМастер,53,Греческое магнитное небо,0,0,24,0,,,747
5,АниМастер,54,Квантовая запутанность,0,0,22,0,,,749
5,АниМастер,55,Доктор Роберт Морс,0,0,18,0,,,751
5,АниМастер,56,ЭТНОПСИХИАТРИЯ,0,0,145,0,,"Раздел социальной психиатрии, посвященный изучению этнических, культуральных факторов в развитии и течении психических заболеваний.",753
5,АниМастер,57,Гармоническая синхронизация,0,0,27,0,,,756
5,АниМастер,58,Репортаж с Железной горы,0,0,24,0,,,758
5,АниМастер,59,СССР никогда не развалился,0,0,26,0,,,760
5,АниМастер,60,Кундалини,0,0,9,0,,,761
5,АниМастер,61,Мозг в банке,0,0,12,0,,,763
5,АниМастер,62,Люди Вселенной,0,0,14,0,,,765
5,АниМастер,63,Дело Уммо,0,0,816,0,,"Уммо (исп. Ummo, фр. Oummo) — гипотетическая планета из системы в созвездии Девы, населённая похожими на землян обитателями, от имени которых с 1966 года разным лицам рассылались письма, написанные на земных языках c элементами ранее не известного «уммитского». Ответственность за инициацию этого проекта взял на себя в 1992 или 1993 году Хосе Луис Хордан Пенья (исп. Jos? Luis Jord?n Pe?a)[1], позднее заявивший, что действовал по просьбе самих уммитов. «Феномен Уммо» в 1960—1970-е годы занимал определённое место в общественном сознании Франции (место первого приземления уммитов 28 марта 1950 года) и Испании, на территории которых в основном и развивался (исключением являются наблюдения 1989 года в Воронеже НЛО с символом Уммо). В настоящее время интерес к феномену в соответствующих кругах снизился.",767
5,АниМастер,64,Гора Каллаш город-пирамида,0,0,26,0,,,770
5,АниМастер,65,Сегрегированный интернет,0,0,24,0,,,772
5,АниМастер,66,Симбиогенез,0,0,11,0,,,774
5,АниМастер,67,Антикитерский Механизм,0,0,22,0,,,776
5,АниМастер,68,Руины Геди,0,0,10,0,,,778
5,АниМастер,69,Теософская геология,0,0,19,0,,,780
5,АниМастер,70,Анатта,0,0,6,0,,,782
5,АниМастер,71,40 десятину,0,0,11,0,,,784
5,АниМастер,72,Polywater,0,0,9,0,,,786
5,АниМастер,73,HGP оправдал,0,0,12,0,,,788
5,АниМастер,74,BDORT,0,0,361,0,,"BDORT Би-цифровой тест на уплотнительное кольцо (BDORT), характеризуемый как форма прикладной кинезиологии, является запатентованной диагностической процедурой альтернативной медицины, в которой пациент формирует «О» пальцами, а врач субъективно оценивает здоровье пациента в зависимости от силы пальцев пациента, поскольку диагност пытается разъединить их.",790
5,АниМастер,75,Космическая Бабочка (Розалинд Баллингал),0,0,137,0,,*************************************************************************************************,794
6,(без названия),1,Bogdanoff,0,0,9,0,,,805
6,(без названия),2,Святые это ангелы?,0,0,344,1,"https://www.google.com/search?ei=BcD3XLC3HMzDwQLhmpLQAw&q=""SAiNT+is+angels%3F""&oq=""SAiNT+is+angels%3F""&gs_l=psy-ab.3..35i39j0i8i30l7.1741.3197..3830...0.0..0.158.313.0j2......0....1..gws-wiz.......0i71j0i22i30j0i22i10i30.EgIXHE_I27M","-святые это ангелы? Реально темная тема, гугл выдает сылку на страницу, которой не существует https://www.google.com/search?ei=BcD3XLC3HMzDwQLhmpLQAw&q=""SAiNT+is+angels%3F""&oq=""SAiNT+is+angels%3F""&gs_l=psy-ab.3..35i39j0i8i30l7.1741.3197..3830...0.0..0.158.313.0j2......0....1..gws-wiz.......0i71j0i22i30j0i22i10i30.EgIXHE_I27M",807
6,(без названия),3,Человеческие зоопарки,0,0,401,1,https://ru.m.wikipedia.org/wiki/Человеческий_зоопарк,"https://ru.m.wikipedia.org/wiki/Человеческий_зоопарк  Была такая выставка, но для 6 тира слишком изи,есть еще такая кинолента авторством Джона Г. Уэста,и книга под авторством биолога Десмондома Моррисома, исследующая как наши биологические особенности отразились в нашей культуре. Возможно отсылка к Парадоксу Ферми, точнее ""одно из его решений"" мы в зоопарке под опекой инопланетян",810
6,(без названия),4,Скрижали Джорджии,0,0,1403,0,,"Крупный гранитный монумент 1980 года в округе Элберт в штате Джорджия, США. Монумент содержит длинную надпись на восьми современных языках, а на вершине его имеется более краткая надпись на 4 древних языках: аккадском, классическом греческом, санскрите и древнеегипетском. Заказ на возведение монумента был дан в июне 1979 года строительной фирме «Elberton Granite Finishing Company» человеком, представившимся как Robert C. Christian. Строительная фирма (по собственному признанию) завысила цену в восемь раз, тем не менее заказ был оплачен. Через год монумент был открыт. Текст скрижали: >Пусть земное население никогда не превышает 500.000.000, пребывая в постоянном равновесии с природой >Разумно регулируйте рождаемость, повышая ценность жизненной подготовки и многообразия человечества >Найдите новый живой язык, способный объединить человечество. >Проявляйте терпимость в вопросах чувств, веры, традиций и им подобных >Пусть справедливые законы и беспристрастный суд встанут на защиту народов и наций >Пусть каждая нация сама решает свои внутренние дела, вынося на мировой суд общенародные проблемы. >Избегайте мелочных судебных тяжб и бесполезных чиновников. >Поддерживайте равновесие между личными правами и общественными обязанностями. >Превыше всего цените правду, красоту, любовь, стремясь к гармонии с бесконечностью. >Не будьте раковой опухолью для земли, природе тоже оставьте место!",815
6,(без названия),5,Вены кориандра,0,0,177,1,https://books.google.com.ua/books?id=t_O_7DZxH3AC&pg=PA57&lpg=PA57&dq#v=onepage&q&f=false,"Отсылка на ""Natural Takeover of Small Things"", 57 страница, почитайте сами https://books.google.com.ua/books?id=t_O_7DZxH3AC&pg=PA57&lpg=PA57&dq#v=onepage&q&f=false",830
6,(без названия),6,Бешеный мед,0,0,1171,0,,"Длительная активация натриевых каналов и деполяризация клеток приводит к перевозбуждению центральной нервной системы . Физические симптомы от отравления грайанотоксином появляются после дозозависимого латентного периода от нескольких минут до примерно трех часов. Наиболее распространенные клинические симптомы включают различные сердечно-сосудистые эффекты, тошноту и рвоту, а также изменение сознания. Сердечно-сосудистые эффекты могут включать гипотензию (низкое кровяное давление) и различные нарушения сердечного ритма, такие как синусовая брадикардия (медленный регулярный сердечный ритм), брадиаритмия (медленный нерегулярный сердечный ритм) и частичная или полная атриовентрикулярная блокада . >Другие ранние симптомы могут включать диплопию и помутнение зрения, головокружение , гиперсаливацию, потоотделение, слабость и парестезии в конечностях и вокруг рта. В более высоких дозах симптомы могут включать потерю координации, тяжелую и прогрессирующую мышечную слабость, электрокардиографические изменения блокады ветвей пучка и/или возвышения сегмента ST, наблюдаемые при ишемической угрозе миокарда, и узловой ритм или синдром Вольфа-Паркинсона-Уайта",834
6,(без названия),7,FWD: 7,0,0,6,0,,,838
6,(без названия),8,Шпионаж животных,0,0,243,1,https://www.smithsonianmag.com/history/the-cias-most-highly-trained-spies-werent-even-human-20149/#hHrZupZwtG2rIhc5.99,"Теория, говорит Бейли, заключалась в том, что никто не обращал внимания на приход и уход животных. Подробнее: https://www.smithsonianmag.com/history/the-cias-most-highly-trained-spies-werent-even-human-20149/#hHrZupZwtG2rIhc5.99",840
6,(без названия),9,Трепаннинг у индейцев,0,0,675,0,,"Трепанация черепа (лат. trepanatio; фр. tr?panation) — хирургическая операция образования отверстия в костной ткани черепа с целью доступа к подлежащей полости. Как правило, операция применяется для обеспечения доступа к внутричерепным образованиям с целью их последующего удаления. >В Тибете давно заметили, что дар ясновидения люди чаще всего обретают после мозговой травмы. И задались целью открывать «третий глаз» искусственно. Отобранному по особым принципам монаху делают операцию, нередко сопряжённую со смертельным исходом. В середине лба высверливают отверстие, на несколько дней закрывают его деревянным клином с целебными мазями и дают зарасти.",846
6,(без названия),10,Корональное отопление,0,0,276,1,https://science.nasa.gov/news-articles/the-mystery-of-coronal-heating,"Корональный нагрев впишите пж в перевод что-то связанное со словом ""кетер"" плис, это звучит круто Суть в том, что на поверхности солнца холоднее, чем в ""атмосфере"" - https://science.nasa.gov/news-articles/the-mystery-of-coronal-heating , так быть не должно",851
6,(без названия),11,Кристалы Гадолиний Галлий Гарне,0,0,46,0,,отдельная паста,855
6,(без названия),12,Пустой интернет,0,0,124,0,,Пустой интернет На самом деле в интернете очень мало других реальных пользователей. Огромное количество ботов.,858
6,(без названия),13,Племя догонов,0,0,1000,0,,"Племя догонов Догоны (самоназв. Dogom, Dogon и др., ед. ч. Dogone; фула Ha?e, ед. ч. Kado, букв. «язычники») — народ на юго-востоке Мали (юг области Мопти). Живут (компактно или смешанно с фульбе) в труднодоступном районе вокруг уступа Бандиагара, на прилегающем плато и равнине Сено, а также в нескольких приграничных селениях Буркина-Фасо. >Догоны имеют богатую мифологию: о боге-творце Амма; о первопредке и культурном герое Номмо, связанном с близнечным культом; о «божествах воды» — полулюдях и полузмеях; о вредоносном шакале Юругу. У них существуют сложные космогонические представления о многослойной Вселенной и определённый опыт астрономических наблюдений. >С культом предков связано мужское общество масок Ава, при посвящении в которое (9-12 лет) совершается обрезание. Практикуется и женское обрезание. Процессии и пляски с масками проводятся в связи с похоронами, началом сельскохозяйственных работ, ежегодными ритуалами в честь Амма и Лебе, 60-летними культовыми циклами и др.",862
6,(без названия),14,Темный город (не художественный),0,0,66,0,,это хорошо С этим надо разобраться,868
6,(без названия),15,"Микроточка.гиф похоже какие-то странные эффекты в гифках, тоже надо покапать/.",0,0,78,0,,,871
6,(без названия),16,Кислород галлюциногенный,0,0,114,0,,"Кислород галюциноген Что, если все, что мы видим, является галлюцинацией, вдыхая кислород.",873
6,(без названия),17,Фиолетовые сферы,0,0,120,1,https://www.youtube.com/watch?v=hzUcxBm2Sto,Аризонской пустыне спавнятся фиолетовые шарики и это не шутка https://www.youtube.com/watch?v=hzUcxBm2Sto,876
6,(без названия),18,Malbolge программирование,0,0,247,0,,"Malbolge — эзотерический язык программирования, придуманный Беном Олмстедом в 1998 году. Язык разработан с целью быть максимально сложным для написания программ. Получил своё название от Malebolge, восьмого круга ада Данте.",880
6,(без названия),19,Субъективная реальность,0,0,23,0,,,884
6,(без названия),20,ИИ CAIMEO,0,0,484,1,https://rationalwiki.org/wiki/CAIMEO,"сAImeo-это городская легенда об искусственном интеллекте, к которому можно получить доступ через глубокую сеть . Название, вероятно, было впервые придумано в 2011/2012 с пресловутым Deep web levels info graphic был создан. A 2016 4chan anon утверждает, что нашел скриншот службы в 2013 году. Плакат утверждает, что сам скриншот был сделан с 2011 года. непопулярный 2013 YouTube видео было создано с тем же именем на основе идеи. Почитайте - https://rationalwiki.org/wiki/CAIMEO",886
6,(без названия),21,Четырехстороннее лицо,0,0,207,1,https://www.drought.gov/drought/sites/drought.gov.drought/files/NIDIS%20Newsletter%20--%20Four%20Corners%20face%20changing%20climate.pdf,"либо отсылка к четырем углам земли в Библии, либо https://www.drought.gov/drought/sites/drought.gov.drought/files/NIDIS%20Newsletter%20--%20Four%20Corners%20face%20changing%20climate.pdf",891
6,(без названия),22,Солнечная диета,0,0,51,0,,"солнечная диета, Жрем солнце - Адоно",894
6,(без названия),23,Духовная микроэкономика,0,0,329,0,,"духовная микроэкономика - ""Духовная экономика"" -это междисциплинарное исследование, объединяющее психологию, экономику и духовную науку Вед, чтобы объяснить, почему существует капитализм стервятников, жестокая конкуренция, бесконечные экономические трудности, эксплуатация, неравенство и борьба в этом мире",897
6,(без названия),24,Проникновение сквозной раны •,0,0,153,0,,"проникающее колотое ранение похоже какая-то порнуха где ебутся в раны, но возможно там какой-то глубокий эзотерический смысл",900
6,(без названия),25,Мичиган синий ад,0,0,1524,0,,"Мичиганский голубой ад - Голубой ад основан на древних индейских мифах, в частности, о племенах Оджибве (Чиппева). >Бог послал им в дар посланника/учителя, зайца по имени Нанабожо. Короче говоря, Нанабожо перехитрил и обманул Великого Змея/Ктулу и поймал его в ловушку где-то в глубинах Великих озер (Мичиган предположил, что с тех пор, как племена заняли эту область). >Племена оджибве имеют древнейшие шаманские ритуалы посвящения любой культуры, когда-либо обнаруженной в мире, и они все еще используются сегодня. Для достижения высшего уровня требуется минимум 30 лет, предположительно, никто никогда не узнает, потому что после первых 2 уровней все ритуалы выполняются в духовной сфере. Ни хрена эти чуваки не хардкор. Они запускают шары на очень специфическом грибе, который смертельно ядовит, если не выбран во время определенной фазы Луны. Они выжили и сохранили запись всех библейских бедствий, и вместе с Хопи/Навахо уже было предсказано, чтобы выжить в последние дни. >Читайте в Инков глубоко, если вы хотите узнать больше об их шамане. О них очень мало информации, но их традиции почти идентичны традициям инков. Религия инков была полностью проигнорирована по какой-то причине. Их империя существовала до 500 лет назад, и есть очень подробные оригинальные рукописи, все еще плавающие вокруг сегодня.... Так же голубой ад в играх это когда вы проскальзываете за пределами графики и можете ""исследовать"" пустые пространства внутри зданий и прочее. История гласит, что есть версия IRL где-то в Мичигане.",903
6,(без названия),26,Шерпас Хандбарл Шерпы дыма Кхандбари Защищают Шангри-Лу,0,0,55,0,,,912
6,(без названия),27,Q,0,0,65,1,http://cliffcentral.com/the-q/the-q-paranormal-task-force/,КЬЮ - http://cliffcentral.com/the-q/the-q-paranormal-task-force/,914
6,(без названия),28,Альтернативный конец света,0,0,150,1,https://znaj.ua/ru/popcorn/223197-alternativniy-kinec-svitu-vsesvit-pogline-gigantska-bulbashka,альтернативный конец света - https://znaj.ua/ru/popcorn/223197-alternativniy-kinec-svitu-vsesvit-pogline-gigantska-bulbashka,917
6,(без названия),29,Уличное освещение,0,0,305,0,,"-интерференция уличных фонарей или Уличное световое вмешательство (SLI) - это термин, придуманный паранормальным автором Хилари Эванс, чтобы обозначить заявленную способность людей включать уличные фонари или наружные огни безопасности зданий или выключаться при прохождении рядом с ними.",920
6,(без названия),30,Настоящие опасности фтора,0,0,25,0,,,923
6,(без названия),31,Футуристические земляные работы,0,0,31,0,,,925
6,(без названия),32,Заговоры психов,0,0,176,1,https://www.metabunk.org/chemtrail-discussion-ethics-psyops-and-stuff.t939/,заговор псих.операции/псиопсов правительство опять моет мозги населению конкретно так https://www.metabunk.org/chemtrail-discussion-ethics-psyops-and-stuff.t939/,927
6,(без названия),33,Неясные видеоигры,0,0,102,1,https://www.youtube.com/watch?v=oqJDpkaW4cg,непонятная игра - действительно непонятная https://www.youtube.com/watch?v=oqJDpkaW4cg,930
6,(без названия),34,Половые штурмовые ракеты,0,0,143,0,,"-ракеты сексуального нападения либо гей-бомба, либо какая-то меметическая хрень или как это назвать может даже гормоны.",934
6,(без названия),35,Слркус реальный URL,0,0,19,0,,,938
6,(без названия),36,Сингулярность уже произошла,0,0,245,0,,"-сингулярность уже случилась Сингулярность - это точка, в которой что-то стремится к постоянной бесконечности, но судя по >уже случилась Имеется ввиду техническая сингулярность, этот мир иллюзия, а у нас тут Бог-ИИ, вот.",940
6,(без названия),37,Экстремальное кондиционирование,0,0,144,1,https://www.uu.nl/files/oratie-daniel-cohnitz-2017,"Экстремально секретно антимем, почитай лучше про эпистемологию https://www.uu.nl/files/oratie-daniel-cohnitz-2017",945
6,(без названия),38,Cameraheads,0,0,92,0,,"-Паста, камероголовые аллюзия на слежку в глазах некоторых большинства всех людей",948
6,(без названия),39,Водоросли биотоплива реальный потенциал,0,0,318,0,,"Реальный потенциал биотоплива водорослей Водорослевое топливо, водорослевое биотопливо или водорослевое масло - это альтернатива жидкому ископаемому топливу, в котором водоросли используются в качестве источника богатых энергией и не только такой, какую имеют углеводороды масел.",951
6,(без названия),40,Слоеный пирог,0,0,83,1,https://psy.wikireading.ru/111806,-теория о слоенном пироге многобукав https://psy.wikireading.ru/111806,954
6,(без названия),41,Теория Ирака Звездные врата,0,0,141,1,https://www.youtube.com/watch?v=VboLqNFPg6s,"Иракские звездные врата в Ираке есть аномальные врата, построили шумеры https://www.youtube.com/watch?v=VboLqNFPg6s",957
6,(без названия),42,Бычий отравление,0,0,116,1,https://ru.wikipedia.org/wiki/Увечье_скота,На удивление очень немутная тема наравне с увечьями скота https://ru.wikipedia.org/wiki/Увечье_скота,961
6,(без названия),43,Синхронность души,0,0,73,0,,"Синхронность - Синхронность, миф и новый мировой порядок",964
6,(без названия),44,Эссе Чарльза Эйзенштейна,0,0,106,1,https://charleseisenstein.org/essays/synchronicity-myth-and-the-new-world-order/,- https://charleseisenstein.org/essays/synchronicity-myth-and-the-new-world-order/,967
6,(без названия),45,ORMUS-ОРМУС,0,0,131,1,https://sciencebasedmedicine.org/asea-ormus-and-alchemy/,-Алхимики никуда не делись и работают с современными веществами https://sciencebasedmedicine.org/asea-ormus-and-alchemy/,970
6,(без названия),46,Взлом снов,0,0,53,1,https://www.youtube.com/watch?v=_DvplhUKiac,https://www.youtube.com/watch?v=_DvplhUKiac,973
6,(без названия),47,"Марса, рабовладельцев",0,0,165,0,,"-колонии рабов на Марсе На Марсе рабы на которых держится наша экономика шучу, мы все рабы на марсе, а то, что мы называем Марсом реальная земля",976
6,(без названия),48,Толкиен,0,0,32,0,,- писал про настоящий мир,979
6,(без названия),49,Жизнь на солнце,0,0,113,0,,"жизнь на солнце солнечные черви, огонь живой, просто жизнь под высокими температурами, вот это все",982
6,(без названия),50,Полая вселенная,0,0,15,0,,,985
6,(без названия),51,Атомная бомба никогда не создавалась,0,0,36,0,,,987
6,(без названия),52,Большой электронный заговор -S EN,0,0,33,0,,,989
6,(без названия),53,Плен пригород,0,0,13,0,,,991
6,(без названия),54,PRISM,0,0,5,0,,,993
6,(без названия),55,Теория множественных Христов,0,0,28,0,,,995
6,(без названия),56,ДНК сформировалась в Большом Взрыве,0,0,35,0,,,997
6,(без названия),57,Кали Юга,0,0,8,0,,,999
6,(без названия),58,AI в коробке,0,0,12,0,,,1001
6,(без названия),59,Торсионные поля,0,0,15,0,,,1003
6,(без названия),60,Autoganzfeld -PLoS,0,0,18,0,,,1005
6,(без названия),61,Долина безголовых мужчин,0,0,24,0,,,1007
6,(без названия),62,Арбутус Тигель,0,0,14,0,,,1009
6,(без названия),61,Морфогенетические поля,0,1,368,0,,"Морфогенетические поля Вейс предположил, что вокруг эмбриона, или зародыша, образуется некое поле, которое он назвал МОРФОГЕНЕТИЧЕСКИМ, которому подчиняются пассивные клетки. Оно как бы лепит из клеточного материала отдельные органы и целые организмы. Именно оно определяет последовательность образования отдельных клеток в пространстве и времени.",1011
6,(без названия),62,Малкасская парадигма,0,1,20,0,,,1015
6,(без названия),63,Brane-мир,0,0,9,0,,,1017
6,(без названия),64,Финансирование генофонда,0,0,24,0,,,1019
6,(без названия),65,Теория плоских НЛО,0,0,18,0,,,1021
6,(без названия),66,Инкунабула,0,0,10,0,,,1023
6,(без названия),67,Тавистокский,0,0,12,0,,,1025
6,(без названия),68,Общество Этериуса,0,0,518,0,,"Эта религия зародилась в Великобритании. Ее члены смешивают йогу, индуизм, буддизм и христианство. Основал Общество Этериуса бывший таксист Джордж Кинг, внезапно узревший космических мастеров среди засаленных подлокотников родного кэба. Адепты Общества считают, что люди способны остановить любую трагедию молитвами, наполняющими психические батареи. Религия также учит особо не переживать, а просто ждать пришествия духовного лидера Этериуса — этот товарищ ожидается с неба на собственном звездолете.",1027
6,(без названия),69,Sleep deprivation lifestyle/Депривация сна как образ жизни,0,0,524,0,,"Иногда депривация сна может быть использована осознанно, как форма развлечения, самопознания или легальной замены наркотикам. Методика лишения себя сна также используется для достижения изменённого состояния сознания — яркие галлюцинации, обострение органов чувств, ощущения нереальности и т.д. В христианстве практика символически используется в виде всенощного бдения  *************************************************************************************************",1030
7,Межпространственный монах,1,Ацтекское богословие,0,0,20,0,,,1041
7,Межпространственный монах,2,Попугай,0,0,7,0,,,1043
7,Межпространственный монах,3,Реальные лозунг и рабдоманство,0,0,30,0,,,1045
7,Межпространственный монах,4,Фауст,0,0,5,0,,,1047
7,Межпространственный монах,5,Лес Амазонка был построен,0,0,1285,0,,"Тропический лес Амазонки был преобразован более двух тысяч лет назад древними людьми, которые построили сотни больших, таинственных земляных сооружений. Результаты, полученные бразильскими и британскими экспертами, дают новые доказательства того, как коренные народы жили на Амазонке до прибытия европейцев в регион. Рваные вложения в штате Акко в западной части бразильской Амазонки веками были скрыты деревьями. Современная вырубка лесов позволила открыть более 450 таких больших геометрических геоглифов. Функция этих загадочных мест до сих пор мало понятна - они вряд ли будут деревнями, поскольку археологи находят  очень мало артефактов во время раскопок. Расположение не предполагает, что они были построены по соображениям защиты. Считается, что они использовались только время от времени, возможно, как места ритуальных сборов. Структуры представляют собой рваные ограждения, занимающие примерно 13 000 км 2 . Их открытие ставит под сомнение предположения о том, что экосистема тропических лесов не была затронута людьми. Исследование было проведено Дженнифер Уотлинг, постдокторским исследователем в Музее археологии и этнографии, Университет Сан-Паулу, когда она училась на доктора философии в Университете Эксетера. Раскаяние привратника Двигатель Бродера",1049
7,Межпространственный монах,6,Страная болезнь Шанина Изом,0,0,1159,0,,"Страная болезнь Shanyna Isom Редкое заболевание кожи приводит к тому, что волосы 28-летней женщины отрастают в человеческие ногти. Студентка уголовного правосудия Шаня А. Изом впервые увидела признаки этого заболевания в 2009 году, когда у нее случился приступ астмы, который врачи лечили стероидами. Когда у Изом появилась аллергическая реакция на лекарство, у нее появились шишки на ноге, и ее тон кожи начал темнеть, сообщает New York Daily News . Врачи из Мемфиса предприняли множество попыток лечения от экземы до стафилококковой инфекции. Ни один не был успешным. «Они проверили меня от А до Я, и все снова стало отрицательным» , - сказала Изом WMC-TV. В августе 2011 года Изом была госпитализирована в больницу Джона Хопкинса в Балтиморе, где врачи определили, что ее волосяные фолликулы производят в 12 раз больше клеток кожи, чем волосковых. Это означало, что ее волосяные фолликулы производили ногти, а не волосы. Диагноз и последующее лечение привели к небольшому улучшению качества жизни Isom. «Я не могла сидеть, не могла ходить», - сказала она WMC-TV. «Теперь я могу ходить с тростью, а иногда я могу ходить самостоятельно».",1059
7,Межпространственный монах,7,Евреи вынуждены быть у власти,0,0,29,0,,,1068
7,Межпространственный монах,8,Приложение обезьяньего хвоста,0,0,29,0,,,1069
7,Межпространственный монах,9,Конкретные клизмы,0,0,17,0,,,1070
7,Межпространственный монах,10,Собачьи самоубийственные мосты,0,0,1348,1,https://ru.wikipedia.org/wiki/Овертонский_мост,"Овертонский мост (или «Мост Овертаун»; англ. Overtoun Bridge) — пешеходный мост, расположенный возле Дамбартона, Уэст-Данбартоншира, Шотландия. Разработан инженером Генри Эрнст Милнером (1845—1906) и назван в честь особняка Овертон, расположенного рядом. Мост состоит из трёх арок — большая центральная, на дне которой течёт речка Овертонский Борн, а по краям арки поменьше[1]. Мост привлёк к себе внимание международных СМИ из-за большого количества собак, которые прыгали с моста и разбивались насмерть[2]. Первый случай собачьего суицида зафиксирован в 1951 году, а уже к 1955 году их насчитывалось более 50. За всё время существования моста с него прыгала, в среднем, одна собака в месяц[3]. В некоторых случаях, если собаки выживали, то после восстановления они прыгали с моста снова. Все собаки для своего смертельного прыжка выбирают одно и то же место — между двумя последними пролётами с правой стороны моста. Исследование причин Эксперт «Шотландского общества по предотвращению жестокого обращения с животными» Дэвид Секстон считает, что причиной столь необычного поведения животных является не мистика, а обычная природа животных. В ходе эксперимента этолог обнаружил, что под мостом живут очень большое количество мышей и норок, а собаки просто бегут на их запах. https://ru.wikipedia.org/wiki/Овертонский_мост",1071
7,Межпространственный монах,11,Pro войны,0,0,9,0,,,1079
7,Межпространственный монах,12,буддизм,0,0,7,0,,,1081
7,Межпространственный монах,13,Хроники Акаши,0,0,13,0,,,1083
7,Межпространственный монах,14,Облачное земледелие,0,0,19,0,,,1085
7,Межпространственный монах,15,Лимбический мозг,0,0,16,0,,,1087
7,Межпространственный монах,16,Аварийные трансляции нейрализеров,0,0,33,0,,,1089
7,Межпространственный монах,17,Симпсоны - это настоящие кадры,0,0,30,0,,,1091
7,Межпространственный монах,18,Римская метафизика,0,0,18,0,,,1093
7,Межпространственный монах,19,Тюрьма Земля,0,0,12,0,,,1094
7,Межпространственный монах,20,Неорганические существа,0,0,23,0,,,1096
7,Межпространственный монах,21,Лишение сна образ жизни,0,0,23,0,,,1098
7,Межпространственный монах,22,Dinoccros помог построить Пирамиды,0,0,34,0,,,1100
7,Межпространственный монах,23,Кукольный театр Ануннаки,0,0,24,0,,,1102
7,Межпространственный монах,24,Восхищение(?) уже произошло,0,0,27,0,,,1104
7,Межпространственный монах,25,Грейдер эндшпиль,0,0,16,0,,,1106
7,Межпространственный монах,26,Распыление сои (монеты и т. Д.) И оружейная соя,0,0,47,0,,,1108
7,Межпространственный монах,27,Бикамерализм (Bicameral Mind),0,0,29,0,,,1110
7,Межпространственный монах,28,Выглядящий Тревога (Цифровые экраны),0,0,36,0,,,1112
7,Межпространственный монах,29,Древние сооружения,0,0,18,0,,,1114
7,Межпространственный монах,30,Реальные Намерения Дороги к Roota,0,0,33,0,,,1116
7,Межпространственный монах,31,Большинство лекарств доброжелательны,0,0,36,0,,,1118
7,Межпространственный монах,32,Прото-люди,0,0,10,0,,,1120
7,Межпространственный монах,33,Довеланд (Висконсин),0,0,20,0,,,1122
7,Межпространственный монах,34,Финляндия не существует,0,0,23,0,,,1124
7,Межпространственный монах,35,Количество станций,0,0,18,0,,,1126
7,Межпространственный монах,36,Эверест сокрытия,0,0,16,0,,,1128
7,Межпространственный монах,37,Заговор полотенец,0,0,17,0,,,1130
7,Межпространственный монах,38,Все религии одинаковы,0,0,21,0,,,1132
7,Межпространственный монах,39,Долина потерянных свечей,0,0,24,0,,,1134
7,Межпространственный монах,40,Продвинутая криптозоология,0,0,26,0,,,1136
7,Межпространственный монах,41,Триада азиатских повелителей,0,0,28,0,,,1138
7,Межпространственный монах,42,Глядя на темную энергию,0,0,23,0,,,1140
7,Межпространственный монах,43,Волейбольный инцидент 2006 года •,0,0,275,0,,"2006 volleyball incident • / • олейбольный инцидент 2006 года Люди говорят, что была массовая стрельба на волейбольном матче в Небраске или Дакоте, и никто не помнит этого. Примерно 14-25 человек погибли. Это как-то связано с эффектом Манделы.",1142
7,Межпространственный монах,44,Искусственные инопланетяне,0,0,26,0,,,1146
7,Межпространственный монах,45,Тайная Монгольская Империя,0,0,26,0,,,1148
7,Межпространственный монах,46,Некосмическими,0,0,14,0,,,1150
7,Межпространственный монах,47,Новая Зеландия (8-й континент),0,0,30,0,,,1152
7,Межпространственный монах,48,Луна построена инопланетянами,0,0,29,0,,,1154
7,Межпространственный монах,49,Белок QRD-4151,0,0,14,0,,,1156
7,Межпространственный монах,50,Сдвиг пророчества майя 2012 года,0,0,32,0,,,1158
7,Межпространственный монах,51,Аэроморфисты психопов,0,0,21,0,,,1160
7,Межпространственный монах,52,Тепловыделение грунта,0,0,21,0,,,1162
7,Межпространственный монах,53,Диснейленд секретные туннели,0,0,28,0,,,1164
7,Межпространственный монах,54,Выравнивание абака,0,0,18,0,,,1166
7,Межпространственный монах,55,Бактериальное человечество,0,0,26,0,,,1168
7,Межпространственный монах,56,Древние глифы на спутниках Сатурна,0,0,34,0,,,1170
7,Межпространственный монах,57,Чарли Проект,0,0,12,0,,,1172
7,Межпространственный монах,58,Зерновая ситуация,0,0,17,0,,,1174
7,Межпространственный монах,59,Земля больше Солнца,0,0,19,0,,,1176
7,Межпространственный монах,60,Пепельница Хай Команд,0,0,21,0,,,1178
7,Межпространственный монах,61,Океана не существует,0,0,20,0,,,1180
7,Межпространственный монах,62,Геометрические алгоритмические ярлыки,0,0,37,0,,,1182
7,Межпространственный монах,63,Malerel Dlesplrale (Спираль),0,0,28,0,,,1184
7,Межпространственный монах,64,Блума над геномой,0,0,17,0,,,1186
7,Межпространственный монах,65,Hivemind индукции,0,0,17,0,,,1188
7,Межпространственный монах,66,Полевое сознание,0,0,16,0,,,1190
7,Межпространственный монах,67,Хаос банковское дело,0,0,20,0,,,1192
7,Межпространственный монах,68,Doom экология,0,0,13,0,,,1194
7,Межпространственный монах,69,CHIM (IRL),0,0,10,0,,,1196
7,Межпространственный монах,70,Томоки Уэмия,0,0,12,0,,,1198
7,Межпространственный монах,71,Теория ядерной сетки,0,0,117,0,,*************************************************************************************************,1200
8,Хакер реальности,1,De-patterning (Де-структурирование),0,0,420,1,https://en.wikipedia.org/wiki/Psychic_driving | https://gejirin.com/spirit/SPR_src/D/destructuring.htm,"Привитее определенных психологических паттернов и разрушение уже устоявшихся, путем многочисленного повторения одного и того же фразеологизма или определения, работает как обычное внушение,используется в рекламе, политике, да везде, все это создано как всегда для управления населением. https://en.wikipedia.org/wiki/Psychic_driving https://gejirin.com/spirit/SPR_src/D/destructuring.htm",1211
8,Хакер реальности,2,Illuminatis are the good guys (Иллюминаты хорошие парни),0,0,691,1,https://www.youtube.com/watch?v=4HflAdcacvI,"Иллюминаты - хорошие парни Почему? Я считаю, что темная паутина - это коллективное представление темной стороны человечества. Иллюминаты фактически подавляют эту темную сторону через правительства и все, что делают правительства. Без правительств, заставляющих людей быть порядочными, у немногих действительно хороших людей не было бы шансов на мирное существование. Это правда, что Иллюминаты допускают и поощряют много зла, но я пришел к выводу, что зло, которое они допускают, - это наименьшее количество, необходимое для уравновешивания всего. Если вы хотите получить более подробное объясне https://www.youtube.com/watch?v=4HflAdcacvI",1216
8,Хакер реальности,3,Demolition elves,0,0,455,1,https://obscurban-legend.fandom.com/wiki/Demolition_Elves,"Разрушительные Эльфы - это имя, данное глобальным проявлениям миниатюрных гуманоидов, видимым непосредственно до или после массовых бедствий. Напоминая существ европейского фольклора, таких как гномы и феи, их иногда можно увидеть в сочетании с более современными явлениями, такими как НЛО. Их якобы видели во всем мире во многих случаях, и их видели одновременно несколько человек. https://obscurban-legend.fandom.com/wiki/Demolition_Elves",1223
8,Хакер реальности,4,War is fake (Война это фейк),0,0,175,0,,"Слишком много инфы о разных войнах и фейках не понятно какая имеется виду, нужно копать. Но больше всего ссылок на то что холодная война была фейком",1227
8,Хакер реальности,5,Тессеракт,0,0,480,1,https://en.wikipedia.org/wiki/Tesseract | https://scifi.stackexchange.com/questions/202111/what-relationship-is-there-between-the-tesseract-in-mcu-and-the-mathematical-obj | https://www.huffpost.com/entry/10-insane-marvel-dc-conspiracy-theories-that-could_b_582fdc6ae4b08c963e343f7f | https://www.quora.com/What-if-Loki-never-gave-the-real-tesseract-to-Thanos,"Теория о камне Тессеракт из всленой Марвел, много разных сценариев и вскрытий нужно копать Ну в общем можете почитать сами https://www.quora.com/What-if-Loki-never-gave-the-real-tesseract-to-Thanos https://en.wikipedia.org/wiki/Tesseract https://scifi.stackexchange.com/questions/202111/what-relationship-is-there-between-the-tesseract-in-mcu-and-the-mathematical-obj https://www.huffpost.com/entry/10-insane-marvel-dc-conspiracy-theories-that-could_b_582fdc6ae4b08c963e343f7f",1231
8,Хакер реальности,6,JFK shot himself (где то в паке схоронено),0,0,42,0,,,1240
8,Хакер реальности,7,Moai statues were  Rapa Nuians (Статуи острава Пасхи),0,0,230,1,https://edition.cnn.com/2018/08/13/world/easter-island-statue-study-intl/index.html | https://www.ufoinsight.com/easter-island-statues-conspiracy/,Разные теории заговорв на эту тему https://edition.cnn.com/2018/08/13/world/easter-island-statue-study-intl/index.html https://www.ufoinsight.com/easter-island-statues-conspiracy/,1242
8,Хакер реальности,8,Mathacker,0,0,429,1,https://memegenerator.net/instance/76149751/conspiracy-keanu-what-if-former-mathacker-gem-never-stopped-mathacking | https://minecraft-statistic.net/en/player/Mathacker.html,"Не понятно о чем речь, все что было найдено это две ссылки с одинаковыми заголовками на один и тот же сайт обе ссылки не открываются, есть какой то тип из майнкрафта с таким ником  https://minecraft-statistic.net/en/player/Mathacker.html https://memegenerator.net/instance/76149751/conspiracy-keanu-what-if-former-mathacker-gem-never-stopped-mathacking Что, если бывший камень Mathacker помог создать Mathack - Заговор Киану",1247
8,Хакер реальности,9,1 day is not 24 hours (в одном дне не 24 часа) было в одно из тредов),0,0,69,0,,,1254
8,Хакер реальности,10,Real meaning of HYBRID RPG (Настоящее значение HYBRID RPG),0,0,1910,1,https://mirror.uncyc.org/wiki/HYBRID_RPG | https://www.insolitology.com/other/hybrid.htm,"HYBRID утверждает, что это ролевая игра . Некоторые сравнивают его с Time Cube , в то время как другие полагают, что это на самом деле результат игры Nomic . Многие люди утверждают, что это не настоящая ролевая игра. В качестве типичного примера рассмотрим следующее правило из игры: ПРАВИЛО № 371: Северная Корея поглощается негативной энергией в форме паранойи (из-за внешней политики США и ее солдат), приводящей к насилию со стороны собственной нации в отношении ее собственных граждан Нагорного Карабаха, но во многом напоминает некоторый ужас (японский язык) ) мультипликационный фильм / фильм «Манга», вроде «Буш I и Буш II», проектирующий «Негативную энергию» в надежде собрать «Негативную энергию» из иракской нефти и земли. Но странным образом можно рационализировать Северную Корею, но было бы страшно, потому что понимать Северную Корею - значит понимать людей, особенно способность быть коррумпированными, что похоже на просьбу о получении образования в колледже, поскольку это не бесплатно. для работы, которая является формой взятки, чтобы получить работу, поскольку это хороший способ требовать взятку, учитывая, что можно применить 5-минутный тест IQ {используя его или ее COM, предполагая, что его COM = его DP, годовой оклад в США = [COM * (C3 PL страны = 12 345 для США)],> вместо того, чтобы тратить годы и от 10 000 до 100 000 долларов США или более на обучение в колледже, особенно когда студенты выполняют большую часть работы, в то время как большинство ленивых профессоров просто копируют заметки из книг для своих лекций, которые каждый мог бы сделать сам в любом случае. Существует много различных форм негативной энергии: то, как граждане США обращались с индейцами до конца 19-го века, почти так же, как в Северной Корее. https://mirror.uncyc.org/wiki/HYBRID_RPG Больше инфы здесь https://www.insolitology.com/other/hybrid.htm",1256
8,Хакер реальности,11,Deep soy( ГЛубокая соя),0,0,386,1,https://medium.com/the-mission/the-deep-soy-state-74a20e91b081,"Суть заговора видимо в том, что государство добовляет в пищу как можно больше сои, что бы делать мужчин более слабее и менее агрессивнее. Ну вы все знаете о Сои Боях, вот это от туда. Целью Глубокого Соевого Государства является подчинение любого мужского элемента, который представляет угрозу его силе. https://medium.com/the-mission/the-deep-soy-state-74a20e91b081",1263
8,Хакер реальности,12,Tibetan slut stocks (Тибетские шлюхи),0,0,262,1,https://en.wikipedia.org/wiki/Prostitution_in_Tibet,"Не ясная теория, но судя по всему заключается в каком то шлюхозаговоре против ТИбета, так какдо китайской оккупации Тибета проституция как индустрия практически отсутствовала https://en.wikipedia.org/wiki/Prostitution_in_Tibet",1269
8,Хакер реальности,13,Огонь жив,0,0,612,1,https://www.quora.com/Is-fire-truly-alive,"Очевидная теория о том что огонь живое существо. Действительно ли огонь жив? Это зависит от вашего определения «жизни». В биологическом смысле это не так. в живых. В более широком смысле, очевидное различие между живым / не живым или органическим / неорганическим не совсем верно, и существует идея Живой Вселенной , и в этом смысле звезды и планеты являются живыми. В этом смысле жизнь - это энергия и сознание, и там, где существует какая-либо форма, существует определенный тип жизни и сознания. В еще одном смысле огонь связан с жизнью, то есть символизирует ее. https://www.quora.com/Is-fire-truly-alive",1273
8,Хакер реальности,14,Употребление пищи заставляет вас стареть,0,0,88,1,https://www.earlytorise.com/the-food-conspiracy/,https://www.earlytorise.com/the-food-conspiracy/,1281
8,Хакер реальности,15,Антарктида,0,0,279,1,https://www.newshub.co.nz/home/world/2017/11/nazis-and-pyramids-what-s-really-going-on-in-antarctica.html,"Куча теорри об Антарктиде, не знаю что делает такая тема на восьмом уровне, может есть какая то супертеориия, но я нашел только баяны про нацистов и  тому подобное https://www.newshub.co.nz/home/world/2017/11/nazis-and-pyramids-what-s-really-going-on-in-antarctica.html",1284
8,Хакер реальности,16,1800's technologies,0,0,281,1,http://www.softschools.com/timelines/inventions_of_the_1800s_timeline/262/,"Судя по всему теория о том, что все известные технологии были изобретены в 19 веке, но это не точно. Инфы о этой теории не нашлось , зато нашелся сайт посвещеный изобретениям разных годов. http://www.softschools.com/timelines/inventions_of_the_1800s_timeline/262/",1287
8,Хакер реальности,17,Door dogs(собачи двери),0,0,275,0,,"Речь по всей видимости идет о тех маленьких дверцах, внизу двери в которые проходит песыч или котыч, скорей всего теория о том что эти дверцы предназначены не только для зверей, но и для ЦРУ, ФБР, КГБ!!!!! Инфы об этом заговоре не нашлось, нужно копать",1291
8,Хакер реальности,18,Oneworldness (Единство),0,0,283,1,https://muse.jhu.edu/article/197532/pdf,"Представляет собой теорию в которой говорится о том, что весь мир стремится к единому государству в котором легко можно будет контролировать любые процессы, от преступности и терроризма, до экономики и социального уклада. https://muse.jhu.edu/article/197532/pdf",1294
8,Хакер реальности,19,Ворота Фукусимы или Фукусима: как мы открыли врата ада,0,0,252,1,https://popularresistance.org/fukushima-weve-opened-the-gates-of-hell/ | https://www.youtube.com/watch?v=hfUcZe7rX_8,Вся правда о событиях котрые разверннулись во круг печально известного АЭС Фукусима-1 https://www.youtube.com/watch?v=hfUcZe7rX_8 https://popularresistance.org/fukushima-weve-opened-the-gates-of-hell/,1298
8,Хакер реальности,20,"Лотерея существует, чтобы ловить путешественников во времени",0,0,60,0,,,1303
8,Хакер реальности,21,Самореализующиеся пророчества,0,0,468,1,https://en.m.wikipedia.org/wiki/Self-fulfilling_prophecy,"Самоисполняющееся пророчество - это, вначале, ложное определение ситуации, вызывающее новое поведение, благодаря которому первоначальная ложная концепция становится реальностью . Эта осознанная действительность самоисполняющегося пророчества увековечивает господство ошибки. Ибо пророк будет приводить фактический ход событий как доказательство того, что он был прав с самого начала. https://en.m.wikipedia.org/wiki/Self-fulfilling_prophecy",1305
8,Хакер реальности,22,Вертикальная вселенная,0,0,604,1,https://googillion.wordpress.com/2009/06/02/the-vertical-theory-of-infinite/,"В Вертикальной Теории Бесконечности, или просто Вертикальной Теории, бесконечность простирается как наружу, до «пустоты сверху», так и внутрь, до «пустоты внизу». В противном случае, упрощенно заявлено только в целях визуальной визуализации в масштабе, бесконечность простирается более чем на 10 миллиардов световых лет в направлении наружу или увеличения размера и более чем на 10 миллиардов длин Планка в направлении внутрь или уменьшении размера со слоистыми или компонентными структурами и без конца. * https://googillion.wordpress.com/2009/06/02/the-vertical-theory-of-infinite/",1309
8,Хакер реальности,23,Агентство по продвижению пророчеств,0,0,587,1,https://newineapp.wordpress.com/audio/pska0217audios/ | https://newineapp.wordpress.com/audio/pskaoct2018/,"Скорей всего речь идет о неком агенстве, которое выполняет те или иные пророчества которые предсказывают ноунеймы или не совсем ноу неймы. Пример ты предсказываешь что то, а потом агенство это пророчество осуществляет и ты становишься знаменитым, аки Иисус. Возможно агенство выполняет и религиозные пророчества из библий и других религиозных книг. Для лучшего понимая стоит копать глубже, я нашел один странный сайт можете разобраться в чем там дело https://newineapp.wordpress.com/audio/pska0217audios/ https://newineapp.wordpress.com/audio/pskaoct2018/",1313
8,Хакер реальности,24,Consciousness beamed from moon-base (Jupiter amplification),0,0,413,1,https://www.syfy.com/syfywire/our-consciousness-will-shoot-through-the-cosmos-on-laser-beams-says-michio-kaku,"Короче как я понял суть в том, что на луне есть база, которая посылает лучи сознания на землю, типа сознание всех людей это проекция с луны, при чем там Юпитер не понятно. Тему гуглить сложно. Есть пара статей про луч сознание и светящуюся луну.  https://www.syfy.com/syfywire/our-consciousness-will-shoot-through-the-cosmos-on-laser-beams-says-michio-kaku",1319
8,Хакер реальности,25,Panurgic men,0,0,383,1,https://en.oxforddictionaries.com/definition/panurgic,"Скорей всего это не совсем теория, это подход к зог теориям. Panurgic переводится готовый на все, Мен мужчина, выходит это философия такого отчаянного мужика, который способен на многое, ведь сосункам не по зубам вскрывать мировые заговоры. Но есть еще вариант что речь идет о каких то сверх мужиках из племен индейцев. https://en.oxforddictionaries.com/definition/panurgic",1324
8,Хакер реальности,26,Человеческое бессмертие (теория индуцированной амнезии),0,0,441,1,http://awaretheory.com/wiki/index.php?title=Theories_of_immortality | https://en.wikipedia.org/wiki/Motivated_forgetting,"Это теория о том что мы все бессмертны, точнее наше сознание, просто нам искусственно создают амнезию, шоб мы не были дохрена умными или же мы сами забываем все после смерти, а ведь можем и не забывать! Больше о разных теории бессмертия здесь http://awaretheory.com/wiki/index.php?title=Theories_of_immortality Здесь собственно об амнезии https://en.wikipedia.org/wiki/Motivated_forgetting",1329
8,Хакер реальности,27,Elite controls (контороль элит),0,0,95,0,,Ну очевидная теория о том что всем заправляют элиты и рептилоиды,1335
8,Хакер реальности,28,Bugsy,0,0,731,0,,"Еврейско-американская организованная преступность Еврейско-американская организованная преступность возникла в американской еврейской общине в конце XIX-начале XX веков. В средствах массовой информации и популярной культуре он упоминается по-разному: еврейская мафия, еврейская мафия, кошерная мафия, кошерная Ностра[1] [2] или Undzer Shtik (идиш :?? .? .?.).[a] [2] последние два из этих терминов являются прямыми ссылками на итальянскую Cosa Nostra; первый-игра на слове кошерный, ссылаясь на еврейские диетические законы; в то время как последний является прямым переводом итальянской фразы Cosa Nostra (по-итальянски ""наше дело"") на идиш, который был в то время преобладающим языком еврейской диаспоры в Соединенных Штатах.",1338
8,Хакер реальности,29,Time Cube,0,0,749,1,https://en.wikipedia.org/wiki/Time_Cube,"Time Cube был персональной веб-страницей , созданной в 1997 году самопровозглашенным «мудрейшим человеком на земле» Отисом Юджином «Джин» Рэй. [3] Это был самоизданный выпуск теории всего Рэя , названный «Куб времени», который утверждает, что все современные науки участвуют во всемирном заговоре с целью преподавать ложь, опуская предполагаемую истину своей теории, которая на самом деле состоит из каждого дня. четыре дня. [4] Наряду с этими утверждениями, Рэй описал себя как «богоподобное существо с превосходным интеллектом, у которого есть абсолютные доказательства и доказательства» для своих взглядов. Рэй неоднократно и по-разному утверждал, что "" академия""не воспринял Time Cube всерьез. [5] https://en.wikipedia.org/wiki/Time_Cube",1342
8,Хакер реальности,30,Теория технократии (ИИ контролирует мир),0,0,147,1,https://medium.com/@sergiygolubyev/la-divina-commedia-of-neotechnocracy-fb33cd9b72b9,Нас уже контролирует ИИ https://medium.com/@sergiygolubyev/la-divina-commedia-of-neotechnocracy-fb33cd9b72b9,1346
8,Хакер реальности,31,Wetiko Вириус эгоизма,0,0,404,1,https://exploringyourmind.com/wetiko-virus-selfishness-native-americans/,"Wetiko: «вирус» эгоизма по мнению коренных американцев Согласно индейцам, Wetiko - злой дух, который вторгается в человеческий разум. Это «вирус» эгоизма. Физический патоген, заставляющий жертву удовлетворять свои ненасытные потребности, как если бы они голодали. Это делает человечество своим злейшим врагом ... https://exploringyourmind.com/wetiko-virus-selfishness-native-americans/",1350
8,Хакер реальности,32,Лысое общество,0,0,63,0,,"Тайное лысое общество, если ты лысый давай к нам.",1355
8,Хакер реальности,33,Вода не с земли,0,0,103,0,,"Не очень зог, даже ученые сходятся во мнении что воду на землю принес метеорит, либо НЛО",1358
8,Хакер реальности,34,RuneScape,0,0,125,1,https://www.reddit.com/r/2007scape/comments/5oqvcg/the_big_runescape_conspiracy/,Какие то заговоры в онлайн дрочильне https://www.reddit.com/r/2007scape/comments/5oqvcg/the_big_runescape_conspiracy/,1361
8,Хакер реальности,35,Concrete people of Collaguasl,0,0,89,0,,"Не ясно о чем идет речь, какие то бетонные люди из Коллагасл",1365
8,Хакер реальности,36,Кодифика?ция,0,0,341,1,https://ru.wikipedia.org/wiki/Кодификация,"Кодифика?ция (общее значение) — упорядочивание какого-либо текста, перенумерация его частей, разделение на главы, подглавы, параграфы, в том числе для облегчения цитирования и ссылок при работе с данным текстом. Играет прогрессивную роль в истории различных древних и современных текстов. https://ru.wikipedia.org/wiki/Кодификация",1368
8,Хакер реальности,37,Тайна «перевернутого человека» в Набакалебаре,0,0,1043,1,https://odishasuntimes.com/the-mystery-of-the-inverted-human-in-nabakalebara/,"Духовные метафоры являются неотъемлемыми элементами Набакалабары. Один из многих способов, которыми они выражаются, - это графическая форма. Это изображение перевернутой человеческой фигуры. Это ритуальное изображение нарисовано на стволе выбранных деревьев «Дару». Это важный ритуал, который происходит после «кушманда бали» или жертвоприношения пепельной тыквы и перед вырубкой дерева «дару». Дару Брукхья После завершения «яджны» возле дерева «дару», его остаточный святой пепел, святая вода и остаточное топленое масло массируются по его стволу. Это «шуддха снана» или освящение дерева. Вокруг ствола дерева помещается белая ткань. Каждому избранному дереву «дару» поклоняется мантра божества, чей идол должен быть вырезан из него. Затем рисунок «олата-манушья» или перевернутая человеческая фигура рисуется на стволе дерева «дару». Для рисования этой фигуры используется пучок травы куша, смоченной в сандаловой пасте. https://odishasuntimes.com/the-mystery-of-the-inverted-human-in-nabakalebara/",1372
8,Хакер реальности,38,Итальянские языки (техники ДНК-формирования),0,0,218,1,https://wakeup-world.com/2011/07/12/scientist-prove-dna-can-be-reprogrammed-by-words-frequencies/,Что то связано с тем что ДНК кодируется словами преимущественно итальянскими. https://wakeup-world.com/2011/07/12/scientist-prove-dna-can-be-reprogrammed-by-words-frequencies/,1378
8,Хакер реальности,39,"Творения святого олвина (14 / ???, SCHNELL Online и т. Д.)",0,0,261,1,https://www.reddit.com/r/creepygaming/comments/4ud1tq/obscurity_chart_has_some_unfindable_games/,"Речь идет о каком то разработчике который создал необьяснимые игры, некоторые из них до сих пор не найдены. https://www.reddit.com/r/creepygaming/comments/4ud1tq/obscurity_chart_has_some_unfindable_games/",1382
8,Хакер реальности,40,"90% книг, написанных одним автором",0,0,158,0,,"Какой-то очень гениальный человек написал все книги в мире, а может написал даже и сценарий мертвых душ, подумайте над этим.",1385
8,Хакер реальности,41,CCA XXI,0,0,957,1,https://steemit.com/ai/@x0a0/cca-xx1-cicada-3301-deepweb-a-i-singularity-conspiracy | https://www.stitcher.com/podcast/dead-rabbit-radio/e/56868180,"Какая то очень запутанная хрень и радио мертвого кролика Что такое CCA-XX1 на самом деле? Некоторые говорят, что это план отравить водоснабжение, но они, вероятно, ошибаются, другая часть этого мифа заключается в том, что это главная платформа спутника Zuma. Это может быть даже секретный портал, расположенный внутри гидравлической водяной электростанции, но он, скорее всего, имеет отношение к распознаванию лиц в глобальном масштабе, и безопасность - это разговоры, которые работают с пришельцами с призраками и даже с древними цивилизациями. Некоторые утверждают, что у него, возможно, есть связи в тюрьме, потому что разумные динозавры являются предшественниками человечества, и именно так они будут контролировать приматов. Вы знаете, что у них есть нанотехнологии, и они - механические рептилии. https://steemit.com/ai/@x0a0/cca-xx1-cicada-3301-deepweb-a-i-singularity-conspiracy радио https://www.stitcher.com/podcast/dead-rabbit-radio/e/56868180",1388
8,Хакер реальности,42,Святой Грааль найден много веков назад,0,0,90,0,,Кто то прошел Ассссассссинс Крид еще до его создания,1395
8,Хакер реальности,43,Бычий гормон опасен для человека и вызывает рак!,0,0,383,1,https://en.wikipedia.org/wiki/Bovine_somatotropin,"Бычий соматотропин или бычий соматотрофин (сокращенно bST и BST), или бычий гормон роста (BGH), представляет собой пептидный гормон, вырабатываемый гипофизом коров. Как и другие гормоны , он производится в небольших количествах и используется для регулирования метаболических процессов. https://en.wikipedia.org/wiki/Bovine_somatotropin",1398
8,Хакер реальности,44,Xra psyops (Xavier: Renegade Angel ),0,0,132,1,https://www.youtube.com/watch?v=binN-lTcmyU,"Серия психотропных мультфильмов, опасно для психики!! https://www.youtube.com/watch?v=binN-lTcmyU",1402
8,Хакер реальности,45,Тайное наблюдение с помощью малогабаритных электронных средств,0,0,95,0,,Мы видим как ты дрочеш на трапов!,1406
8,Хакер реальности,46,Враждебные растения,0,0,118,0,,Фильм помидоры убицы основан на реальных событиях! Но наверое речь идет о всяких растениях хишниках.,1409
8,Хакер реальности,47,Восходящая причинность,0,0,1713,1,https://www.allconsidering.com/2009/causation-upward-downward/ | https://www.encyclopedia.com/education/encyclopedias-almanacs-transcripts-and-maps/upward-causation,"Суть в том что причинность происходить на макро уровне, эффект бабочки начинается с молекул бабочки из которых она состоит, а не с её уже готового физического тела. Когда направление причинного влияния простирается от «более высоких» уровней реальности (скажем, выше уровня физики) до «более низких» уровней реальности, мы говорим о нисходящей причинности. Различные науки , как правило, хотя и не неоспоримый, предполагаются стоять в каких - то иерархических отношениях друг к другу. Физика считается основной наукой, с другими науками (химия, биология, психология и социальные науки), стоящими на вершине, каждая из которых имеет дело с просто более сложным слиянием физических событий, чем ее предшественница. Это предположение часто дополняется принципом причинного закрытия физического царства. По сути, этот принцип гласит, что физические события (даже огромные конгломераты физических событий, которые, возможно, представляют собой такие макро-события, как землетрясения, психические состояния или крах на фондовом рынке), вызваны только предшествующими физическими событиями (хотя эти последние события может, в свою очередь, быть более информативно описанным в жаргоне соответствующих нефизических наук). То есть, по сути, существует только один вид «реальной» причинности, а именно причинность на уровне микрофизических событий. Таким образом, причинно-следственная связь распространяется вверх по всему пути от физического домена к доменам более высокого уровня, предположительно сложенным сверху.  https://www.encyclopedia.com/education/encyclopedias-almanacs-transcripts-and-maps/upward-causation Есчо статья на эту тему https://www.allconsidering.com/2009/causation-upward-downward/",1413
8,Хакер реальности,48,Литовские стихи,0,0,419,1,http://www.aryaputr.com/indian-influence-on-ancient-lithuania/,"Латыши были предками индейцев и знали многое Я столкнулся с теорией заговора, которая утверждает, что некоторые старые (19-й век?) литовские стихи содержат ссылки на будущие события, о которых автор не мог знать (в частности, Холокост). Кто-нибудь знает об этом больше? Я читал немало литовских стихов, но никогда не встречал ничего подобного. http://www.aryaputr.com/indian-influence-on-ancient-lithuania/",1421
8,Хакер реальности,49,Инопланетяне вызвали бубонную чуму,0,0,306,1,https://en.wikipedia.org/wiki/Theories_of_the_Black_Death,"Известно что человек существо чмоха и дохнет от любой неизвестной инфекции, так подохли индейцы и другие изолированные племена, отсюда встала теории о том что иноплнетяне прилетали к нам и заразили собственно чумой. https://en.wikipedia.org/wiki/Theories_of_the_Black_Death",1426
8,Хакер реальности,50,Улучшенные сайты,0,0,80,0,,"Какой то дельной инфы не много, но название говорит само за себя",1430
8,Хакер реальности,51,Солнечный коллапс,0,0,219,1,https://www.thesun.co.uk/tech/3953496/solar-minimum-earth-collapse/,"Солнце на грани погружения в «глубокий солнечный минимум», который может привести к разрушению части земной атмосферы, утверждают боффы https://www.thesun.co.uk/tech/3953496/solar-minimum-earth-collapse/",1433
8,Хакер реальности,52,Микросхемы найдены в окаменелостях,0,0,691,1,https://www.beyondsciencetv.com/2017/11/22/5s05v3t3bri1fwnot2r84eh7tulf69/ | https://www.mk.ru/science/2015/04/13/rossiyskie-uchenye-obnaruzhili-okamenevshiy-mikrochip-vozrastom-250-mln-let.html,"Задорнов был прав древние Русичи были сверх циливизцией  Российские исследователи обнаружили крошечный микрочип внутри древнего камня. Исследователи воодушевлены этим открытием, так как оно открывает возможность древних передовых цивилизаций сотни миллионов лет назад с технологиями, возможно, даже превосходящими наши. Тем не менее, между 225 и 250 миллионами лет назад был датирован только органический материал вокруг «микрочипа», а не сам камень или чип. инглиш https://www.beyondsciencetv.com/2017/11/22/5s05v3t3bri1fwnot2r84eh7tulf69/ русич https://www.mk.ru/science/2015/04/13/rossiyskie-uchenye-obnaruzhili-okamenevshiy-mikrochip-vozrastom-250-mln-let.html",1437
8,Хакер реальности,53,Индейское Пророчество Чёрной Змеи,0,0,240,1,https://en.wikipedia.org/wiki/Seven_fires_prophecy | https://www.youtube.com/watch?v=rKKlx33B99I,Индец вещает о злых муриканцах и их трубах https://www.youtube.com/watch?v=rKKlx33B99I Больше примечательно Пророчество о Семи Огнях с ним советую ознакомиться https://en.wikipedia.org/wiki/Seven_fires_prophecy,1447
8,Хакер реальности,54,"Индейцы Амазонки говорят, что существует полая подземная земля",0,0,761,1,https://www.disclose.tv/amazon-indians-say-that-a-hollow-subterranean-earth-exists-310461,"Индейцы амазонки и подземный мир Эти жители являются потомками Бога Солнца, Великанов. Как они туда попали? Они прошли через пещеру и через 13-15 дней достигли внутренней Земли. Macuxi играют еще одну роль, защищая вход в пещеру и предотвращая проникновение других внутрь. Внутренняя часть этого мира очень яркая, светлая и солнечная. Даже в этом подземном мире есть место для выращивания фруктов, дуба, манго, бананов и других растений. Но есть опасные места, которых следует избегать, такие как кипящий камень и ручьи. Может ли эта легенда быть правдой? Macuxi были известны как хранители золота и бриллиантов. https://www.disclose.tv/amazon-indians-say-that-a-hollow-subterranean-earth-exists-310461",1453
8,Хакер реальности,55,Библейские инопланетяне,0,0,153,1,http://listverse.com/2017/07/26/10-bible-accounts-that-could-be-interpreted-as-ufos-or-aliens/,"Инопланетяне в Библии, читать онлайн http://listverse.com/2017/07/26/10-bible-accounts-that-could-be-interpreted-as-ufos-or-aliens/",1459
8,Хакер реальности,56,Air is polson / drug for living organisms,0,0,128,0,,"воздух это отрава - баянистый прикол, мол это яд которому нужно 70 лет чтобы нас убить.",1463
8,Хакер реальности,57,Лунапарк-поезд огненных демонов,0,0,2544,1,https://www.reddit.com/r/UnresolvedMysteries/comments/4ezgix/luna_park_ghost_train_fire/,"Lunapark-train fire demons В ночь на 9 июня 1979 года в дороге примерно в 22:15 вспыхнул пожар. Из-за сочетания низкого давления воды, нехватки персонала в парке и неадекватного охвата поезда-призрака системой пожарных рукавов парка огонь смог полностью поглотить поездку. Джон Годсон и его двое детей Дэмиен и Крейг, а также Джонатан Биллингс, Ричард Кэрролл, Майкл Джонсон и Симус Рахилли, погибли. Через некоторое время после трагедии жена Джона Дженни Годсон наткнулась на некоторые фотографии, сделанные в тот ужасный день, и остановилась, чтобы посмотреть на одну из них. На снимке ее сына Дэмиена, последнего из когда-либо сделанных, изображен маленький мальчик, застенчиво позирующий рядом с пугающей фигурой в демонической маске с рогами на голове. Позже они не смогли найти этого человека. После этого были сделаны сравнения между фигурой и богом (или демоном, в зависимости от того, какую версию истории вы читали) Молоха. Считается, что Молох предпочитал сжигать детей в жертву. Был ли это зловещий способ принести человеческие жертвы древнему богу, или это был преднамеренный поджог в деловом споре, как утверждали некоторые другие? Дженни Годсон верила, что на работе что-то плохое, но остается загадкой, кем именно был человек в маске с рогами. Несмотря на то, что электрические неисправности и поджоги неизвестными лицами были заявлены, точная причина пожара не может быть установлена ??путем коронарного расследования. Коронер также постановил, что, хотя действия руководства и персонала Луна-парка до и во время пожара (в частности, их решение не следовать советам по установке спринклерной системы в дороге) нарушили их обязанность по уходу, обвинения в преступной халатности не должен быть заложен. Дело было возобновлено в 1987 году: никаких новых выводов сделано не было, хотя полицейское расследование и коронарное расследование подвергались критике. В мае 2007 года Энн Бакингем, племянница сиднейского преступного мира Абэ Шафран, в интервью газете «Сидней Морнинг Геральд» заявила, что ее дядя несет ответственность за пожар. Шафран был связан с семью другими поджогами в течение двух лет после пожара поезда-призрака, хотя он неоднократно отрицал причастность к пожару поезда-призрака. Бекингем утверждала, что атака была частью плана для Шафрона получить контроль над арендой Луна-парка, хотя она и выразила уверенность, что семь смертей не были предназначены. - Она позже отказалась от этих заявлений. https://www.reddit.com/r/UnresolvedMysteries/comments/4ezgix/luna_park_ghost_train_fire/",1466
8,Хакер реальности,58,Неандертальское превосходство,0,0,180,1,https://patriceayme.wordpress.com/2014/04/27/neanderthal-superiority%EF%BB%BF%EF%BB%BF%EF%BB%BF/,Возможно древний люд был куда эпичнее нынешних людишек. https://patriceayme.wordpress.com/2014/04/27/neanderthal-superiority%EF%BB%BF%EF%BB%BF%EF%BB%BF/,1476
8,Хакер реальности,59,НЛО являются атмосферными формами жизни,0,0,131,1,https://www.gralienreport.com/ufos/atmospheric-life-forms-ghosts-of-ufologys-forgotten-past/,https://www.gralienreport.com/ufos/atmospheric-life-forms-ghosts-of-ufologys-forgotten-past/,1480
8,Хакер реальности,60,Расширяющаяся Земля,0,0,482,1,https://ru.wikipedia.org/wiki/Гипотеза_расширяющейся_Земли,"Расширяющаяся Земля (англ. expanding Earth) — гипотеза допускающая, что положение и относительное движение материков по крайней мере частично вызвано увеличением объёма планеты Земля. Гипотеза начала развиваться в начале и середине XX века. Основным аргументом расширения Земли является наблюдение, что континенты по своим контурам способны собираться обратно в шар, приблизительно вдвое меньшего диаметра https://ru.wikipedia.org/wiki/Гипотеза_расширяющейся_Земли",1483
8,Хакер реальности,61,Лесная лестница,0,0,376,1,https://www.unexplained-mysteries.com/forum/topic/308665-mysterious-stairs-in-the-middle-of-nowhere/,"Кто-нибудь здесь слышал о людях, которые находили ступени посреди леса? Больше ничего с ними не связано, только лестница, ведущая в никуда? Некоторые сообщают о странных явлениях, когда рядом с ними, например, о пропущенном времени или просто о страхе и страхе? https://www.unexplained-mysteries.com/forum/topic/308665-mysterious-stairs-in-the-middle-of-nowhere/",1487
8,Хакер реальности,62,Нефилим протоколы,0,0,182,0,,"Я помню, как слышал о протоколах нефилима в глубокой сети на веб-сайте, но после того, как он был активен в течение пары минут, сайт отключился Инфы мало нужно копать",1491
8,Хакер реальности,63,Атомная реконструкция,0,0,44,0,,НЕПОНЯТНО. НУжно копать,1495
8,Хакер реальности,64,Программирование чувств(Senses programming),0,0,1311,1,https://en.wikipedia.org/wiki/Sense_(programming,"Sense - это образовательная среда программирования, созданная The Open University (OU) в Великобритании . В нем используется среда программирования с перетаскиванием, предназначенная для обучения студентов основам компьютерного программирования , с использованием «блоков» различных форм и цветов, выбранных из палитры доступных команд, что означает, что студенту не требуется предварительный опыт программирования ни нужно учить синтаксис. Он основан на Царапина языке программирования , разработанный в MIT Media Lab , и использует .sb файлы  , как нуля , но две части программного обеспечения , не могут использовать файлы друг друга. Среда программирования Sense предназначена для работы в сочетании с SenseBoard, специализированной аппаратной частью, которая подключается к компьютеру пользователя через соединение USB. SenseBoard имеет различные типы входов, такие как датчики инфракрасного излучения, света, звука (микрофон) и температуры (термометр), и выходы, такие как мотор и светодиоды (светодиоды). Sense и SenseBoard в основном используются как часть модуля My Digital Life (TU100) OU , [11], но также в меньшей степени используются в других модулях. Смысл был испытан в лондонских школах в конце 2012 года. https://en.wikipedia.org/wiki/Sense_(programming)",1498
8,Хакер реальности,65,Paradigm Recordscence,0,0,510,1,https://pdfs.semanticscholar.org/8f1c/22d43381a71ffcac669d4a3e1e05657765f7.pdf,"Четвертая парадигма Джима Грея Эта парадигма гласит что с развитием технологий и интеренета в частности, у человечества появляется возможность обьеденять все известные факты о том или ином вопрос и приходить к какому то единому мнению без посредников в лице бородатых ученых которые не хотят признавать новые идеи. Следовательно для умных ребят это возможность, доказать то что прежде доказать было не возможнно. https://pdfs.semanticscholar.org/8f1c/22d43381a71ffcac669d4a3e1e05657765f7.pdf",1504
8,Хакер реальности,66,Поклонение болезням,0,0,1169,1,https://en.wikipedia.org/wiki/Celebrity_worship_syndrome | https://en.wikipedia.org/wiki/Sopona,"Давайте помолимся богу оспы, что бы он даровал нам как можно больше оспы! Сопона (или Шапона ) - бог оспы в религии йоруба . [1] Шапона был экспортирован в Новый Свет в работорговле , где он стал известен как Бабалу-Айе , среди многих других имен, в религии Ориша . [2] В рамках традиционной религии народа йоруба из Нигерии считается, что оспа была болезнью, навязанной людям из-за «божественного неудовольствия» Шапоны, и формальное поклонение богу оспы было под строгим контролем конкретных священников, отвечающих за святыни богу. , До начала 20-го века люди этой религии считали, что если бы священники были возмущены, они могли вызвать вспышки оспы через их близкие отношения с Шапоной. [3] Имя «Сапона» (альт. Шапона, Сапонна и т. Д.) Считается секретным и запретным именем, и его нельзя произносить вслух в отношении власти Лорда инфекционных заболеваний., По этой причине у божества есть ряд других имен и названий, которые использовались с досовременного периода, такого как Омолу. [4] https://en.wikipedia.org/wiki/Sopona  Есть еще стать про поклонене звездам шоубиза занимательная статья https://en.wikipedia.org/wiki/Celebrity_worship_syndrome",1509
8,Хакер реальности,67,Неолитическая хитрость,0,0,1179,1,http://prehistoric-technology.blogspot.com/2011/07/moving-stonehenge-bluestones-st-fagans.html | https://brian-mountainman.blogspot.com/2011/12/phils-contraption.html,"Чортовы умники разрушают логические теории о том что в древности только инопланетяне могли построить пирамиды и огромные памятники. Спасибо Филу Моргану за то, что он привлек мое внимание к его штуковине - в основном качающейся A-рамке - которая была продемонстрированный в июле прошлого года в Уэльском народном музее в Сент-Фаганс, в какой-то день экспериментальной археологии. На блоге Энди Янга есть краткое описание и фото. Вы можете увидеть, как это работает - укрепленная А-образная рама качается на ее основании, и, потянув ее вперед, вы можете тянуть санки с тяжелым весом (или голубым камнем) на несколько футов за раз. Затем вы перемещаете рокер, потянув за заднюю веревку, и, как только он встанет на место, вы снова тянете за переднюю веревку. И сани снова двигаются вперед. Как говорит Энди, это может быть полезно для перемещения тяжелых камней на стройплощадке, но у меня были бы серьезные сомнения относительно полезности техники на большом расстоянии и на пересеченной местности.  https://brian-mountainman.blogspot.com/2011/12/phils-contraption.html http://prehistoric-technology.blogspot.com/2011/07/moving-stonehenge-bluestones-st-fagans.html",1518
8,Хакер реальности,68,Eratas,0,0,111,1,https://knowyourmeme.com/memes/events/the-erratas-mystery,Очередная программа для слежки за нами хумансами https://knowyourmeme.com/memes/events/the-erratas-mystery,1527
8,Хакер реальности,69,Гибриды животных и растений,0,0,152,1,https://en.wikipedia.org/wiki/Hybrid_(biology,"Теория про живых овощей, вполне реальна, кто заинтересован прошу к исследованию https://en.wikipedia.org/wiki/Hybrid_(biology)",1531
8,Хакер реальности,70,Теория небесной ловушки,0,0,665,1,http://www.jupitter-larsen.com/skysnag.html,"Довольно сильная наркомания. Теория небесной ловушки - это теория, что иногда небо ""цепляется"" за себя или разрывается. Очень странно Всякий раз, когда воздух разрывается на части, получающаяся в результате небесная коряга приобретает форму и текстуру металлического диска. Когда небо расколется, из-за рваного света будут сиять огни. Из-за ветра разрыв в небе будет вращаться, как будто это какое-то парусное судно. Небо, как и все остальное, что движется. При трении, царапании и потоке воздух иногда разрывает шов. Разрыв обернется вокруг себя, образуя вогнутую поверхность с присущей ей полировкой. http://www.jupitter-larsen.com/skysnag.html",1535
8,Хакер реальности,71,Welteislehre (Ледниковая космогония),0,0,657,1,https://en.wikipedia.org/wiki/Welteislehre,"Welteislehre ( WEL ; «Мировая теория льда» или «Мировая ледовая доктрина»), также известная как Glazial-Kosmogonie ( Ледниковая космогония ), является дискредитированной космологической концепцией, предложенной Хансом Хёрбигером , австрийским инженером и изобретателем. Хёрбигер не пришел к своим идеям посредством исследований, но сказал, что он получил их в «видении» в 1894 году. Согласно его идеям, лед был основной субстанцией всех космических процессов, а также ледяных лун, ледяных планет и « «Глобальный эфир » (также сделанный изо льда) определил все развитие вселенной. https://en.wikipedia.org/wiki/Welteislehre",1542
8,Хакер реальности,72,Космический цензурный коттедж (The One 1 Love),0,0,912,1,https://en.wikipedia.org/wiki/Cosmic_censorship_hypothesis,"Гипотеза космической цензуры Из Википедии, свободной энциклопедии Перейти к навигации Перейти к поиску Гипотеза о слабой и сильной космической цензуре - это две математические гипотезы о структуре гравитационных особенностей, возникающих в общей теории относительности . Особенности, возникающие в решениях от уравнений Эйнштейна , как правило , скрыты в горизонтах событий , и , следовательно , не могут наблюдаться от остальной части пространства - времени . Особенности, которые не так скрыты, называются голыми . Гипотеза о слабой космической цензуре была задумана Роджером Пенроузом в 1969 году и утверждает, что во Вселенной не существует никаких обнаженных особенностей, кроме сингулярности Большого взрыва . https://en.wikipedia.org/wiki/Cosmic_censorship_hypothesis  *************************************************************************************************",1546
